LEI_Code,top10_share_linear,top10_share_convex,top10_share_logistic
0W2PZJM8XOY22M4GG883,0.1538355624873056,0.20257257870498907,0.20628198615599766
2138008AVF4W7FMW8W87,0.14625494033620112,0.19259291944501028,0.20468572170579438
2138009Y59EAR7H1UO97,0.11574500991190806,0.1371561425915587,0.1293591872158708
213800DBQIB6VBNU5C64,0.14076579279556348,0.18924305921530607,0.19857737585495924
213800HDJ876ACJXXD05,0.1301086648908884,0.16397303890422443,0.15692755746363957
213800TC9PZRBHMJW403,0.14300096823370342,0.18786858618347885,0.2064050922095109
213800X3Q9LSAKRUWY91,0.12062183156359138,0.14697431608884018,0.1351362827399841
222100K6QL2V4MLHWQ08,0.12119135924178238,0.14782900232589677,0.13673104169118686
254900RNFMDM0P11YR84,0.17430021080215133,0.23614530927437433,0.2294530040874933
2W8N8UU78PMDQKZENC08,0.13925743714872346,0.17879974739820947,0.1726242786904747
391200EEGLNXBBCVKC73,0.1596382884426813,0.2122951708300093,0.21060478029214966
3H0Q3U74FVFED2SHZT16,0.12258935278058682,0.1508092710455862,0.14033365208092013
3M5E1GQGKL17HI6CPN30,0.14352258132742637,0.18673381865304403,0.18442175931743995
485100FX5Y9YLAQLNP12,0.1804403071421006,0.28743492617733557,0.47115061514685586
5299007QVIQ7IO64NX37,0.13807806968208736,0.17754707175307416,0.20087721558530314
529900GGYMNGRQTDOO93,0.17282046117822222,0.2337622405728162,0.22786403928501106
529900HEKOENJHPNN480,0.17419980818906733,0.23600167276184716,0.2293746296399344
529900HNOAA1KXQJUQ27,0.13035635423435393,0.16420898524614674,0.15931824487308277
529900JG015JC10LED24,0.13968684189103112,0.1796830457984221,0.17718029909012223
529900JZTYE3W7WQH904,0.1523035658565222,0.2013188155916662,0.1993154352027771
529900ODI3047E2LIV03,0.12005572521732467,0.1445724971917511,0.13257298005020207
529900OE1FOAM50XLP72,0.1554896073222781,0.20665802378695472,0.20454080723390244
529900RWC8ZYB066JF16,0.12498883825805515,0.1585331719523294,0.18310080920192298
529900S9YO2JHTIIDG38,0.13144261884651867,0.16550743041876606,0.1630448282196763
529900SSGT49ZZSWYE62,0.17334678788941973,0.2466711628410113,0.30433968003186457
529900SXEWPJ1MRRX537,0.14869759138847466,0.19551185560372272,0.19330687509633954
529900V3O1M5IHMOSF46,0.16182027090555406,0.22233076776097394,0.2849669973929366
529900W3MOO00A18X956,0.1320227917772792,0.16658079891769176,0.16050196703820338
529900XSTAE561178282,0.11735308707138484,0.139722350492544,0.1291507844856691
5493000LKS7B3UTF7H35,0.1334851234672949,0.1705111643070118,0.16259957620311624
5493001BABFV7P27OW30,0.14272882921757674,0.1849385283532327,0.17964129737826495
54930056IRBXK0Q1FP96,0.12337376459116749,0.15187945511301987,0.14191431691416614
5493006QMFDDMYWIAM13,0.12600389168214599,0.1583021871149768,0.15150372093840078
5493007SJLLCTM6J6M37,0.12879770358309048,0.16260428999093363,0.1658556550665732
5493008QOCP58OLEN998,0.14611955739714885,0.1927653366978877,0.2048408297057007
5493009EIBTCB1X12G89,0.20879023942199412,0.4307833751226673,0.6631866815170671
549300C6TUMDXNOVXS82,0.13954082100084386,0.1794615079351163,0.1778790318379485
549300C9KPZR0VZ16R05,0.17749805285086181,0.2498472385690534,0.32375062504023994
549300DYPOFMXOR7XM56,0.1252766152405701,0.15796610089059895,0.18531772803542085
549300GKFG0RYRRQ1414,0.11900123307900287,0.14310572543572975,0.13631785529521692
549300HFEHJOXGE4ZE63,0.19863910594634152,0.3500877546331128,0.5936974587216077
549300L7YCATGO57ZE10,0.15374180948702967,0.23025808172009213,0.3998977179974981
549300NYKK9MWM7GGW15,0.12233750214317839,0.15009301867931435,0.14168309711613825
549300OLBL49CW8CT155,0.1454416297055509,0.18786618580306066,0.18609595700910933
549300Q3OIWRHQUQM052,0.13699313469469787,0.1739697322144846,0.17484742889625557
549300RG3H390KEL8896,0.15132740096367617,0.194610315664096,0.20183540304624634
549300TK038P6EV4YU51,0.11468970839875615,0.13418246344587256,0.12303129852149043
549300TRUWO2CD2G5692,0.12159331717154415,0.1488966692031225,0.1361573021679397
549300U4LIZV0REEQQ46,0.14128449061540505,0.19140191909302845,0.21935282219685573
5UMCZOEYKCVFAW8ZLO05,0.14862811416605906,0.20397199079229317,0.22112625204263228
635400AKJBGNS5WNQL34,0.11741007317300171,0.14061948140164454,0.13766310027456555
635400C8EK6DRI12LJ39,0.11786547660091848,0.14068414117692984,0.1332542751612477
635400L14KNHZXPUZM19,0.12313184961836668,0.15421173811122166,0.1667768748045944
724500A1FNICHSDF2I11,0.14442422493310997,0.2052856900686462,0.33383656620953495
724500JIWG886A9RRT57,0.1406164354129947,0.18788912895166884,0.23309770814772265
7437003B5WFBOIEFY714,0.1268474044636226,0.15694978984619692,0.1491361481793662
7CUNS533WID6K7DGFI87,0.12671859389916107,0.15804817242167077,0.1518780471593402
7LTWFZYICNSX8D621K86,0.12355268786864174,0.1555081925080613,0.16967225259063076
7LVZJ6XRIE7VNZ4UBX81,0.12382595841638876,0.15188729932180503,0.1436273641849482
7V6Z97IO7R1SEAO84Q32,0.1359535855807144,0.17315319062773493,0.17685655824753063
815600AD83B2B6317788,0.15521934550686725,0.21016556828529281,0.2084252490071129
815600E4E6DCD2D25E30,0.14447073167315688,0.1916503605829767,0.18577003838918643
851WYGNLUQLFZBSYGB56,0.1325321120119645,0.17026457535895423,0.16713182697118228
95980020140005881190,0.1426672978521101,0.1828811929677998,0.18480586500001528
96950001WI712W7PQG45,0.1888277824536004,0.27809270901945005,0.3801484382226843
9695000CG7B84NLR5984,0.12537168901966514,0.15437434639741823,0.15148569827685168
96950066U5XAAIRCPA78,0.14219304372579752,0.18341504293984912,0.18221374333737658
969500STN7T9MRUMJ267,0.11540173571978701,0.13612627975181696,0.1290722733789746
9CZ7TVMR36CYD5TZBS50,0.1334407472417218,0.16922144810343698,0.16908407194075958
9ZHRYM6F437SQJ6OUG95,0.12063175463412419,0.14737638322715138,0.1340159670328396
A5GWLFH3KM7YV2SFQL84,0.12082196309078522,0.1483778661029481,0.151732791743869
AT0000000000043000VB,0.13830356594565107,0.17702804128582741,0.17540245656337164
B81CK4ESI35472RHJ606,0.12992112972670752,0.16303198810385153,0.15604661740425974
BFXS5XCH7N0Y05NIXW11,0.13263596461050353,0.17766591400510753,0.22036918353013998
DG3RU1DBUFHT4ZF9WN62,0.14237658417223148,0.1924376049662774,0.24935927845199493
DIZES5CFO5K3I5R58746,0.1411103043981024,0.18251849722671562,0.1820989650483277
DSNHHQ2B9X5N6OUJ1236,0.1349968368786008,0.1747917138259864,0.17923324206915756
DZZ47B9A52ZJ6LT6VV95,0.17498206382056156,0.23715567151858583,0.23020760823598294
EV2XZWMLLXF2QRX0CD47,0.16541528808845277,0.22114214784138497,0.218857160841662
F0HUI1NY1AZMJMD8LP67,0.12704463996250479,0.1602386063394566,0.16557853025903818
F3JS33DEI6XQ4ZBPTN86,0.12176060066203756,0.1481868739700846,0.13823420364916286
FR9695005MSX1OYEMGDF,0.12614352986715585,0.1552737178003517,0.1486321352668377
FR969500TJ5KRTCJQWXH,0.11366529140289122,0.1327795119753019,0.12178437644994668
H0YX5LBGKDVOWCXBZ594,0.17470163950288708,0.23671674902256234,0.2299219600354262
J48C8PCSJVUBR8KCW529,0.13017724388382385,0.16486286053400281,0.1558037225631141
J4CP7MHCXR8DAQMKIL78,0.14025845168794843,0.18344781530684984,0.17600290081680114
JEUVK5RWVJEN8W0C9M24,0.13405239865310317,0.17494672740015443,0.1765555899858495
JU1U6S0DG9YLT7N8ZV32,0.1319122098531071,0.16749067027665998,0.16097334282669176
K8MS7FD7N5Z2WQ51AZ71,0.13994474690460856,0.17942316816872192,0.1749487138389622
LIU16F6VZJSD6UKHD557,0.14698623052413937,0.19291205761874078,0.1912851064531349
LOO0AWXR8GF142JCO404,0.13507982551406086,0.17456494963128555,0.16913578562911274
M312WZV08Y7LYUC71685,0.14799622058868497,0.1943698696550029,0.19235655739195248
M6AD1Y1KW32H8THQ6F76,0.1436494426593044,0.1916135618518667,0.19393677514779914
MAES062Z21O4RZ2U7M96,0.12499184394142897,0.15388164551178726,0.14358544524480027
N1FBEDJ5J41VKZLO2475,0.14725204808415182,0.19729290437372224,0.20062619511054108
N747OI7JINV7RUUH6190,0.1414128603939646,0.18564553540475096,0.1790101339550292
NHBDILHZTYCNBV5UYZ31,0.16177257421685115,0.21699091087558559,0.2134089510617444
NNVPP80YIZGEY2314M97,0.1327674343194234,0.17029884039603635,0.16250174529436223
O2RNE8IBXP4R0TD8PU41,0.1209562642894578,0.14855968627752442,0.14688562342774242
P4GTT6GF1W40CVIMFR43,0.13961736688959842,0.1808310573342458,0.17537508570867819
PSNL19R2RXX5U3QWHI44,0.12930078075067544,0.16405697205956168,0.17794186499934586
R0MUWSFPU8MPRO8K5P83,0.12311950154840984,0.15113198408527995,0.14052934691322555
SI5RG2M0WQQLZCXKRM20,0.12495504805426652,0.15464831888934608,0.1468047997163057
TO822O0VT80V06K0FH57,0.11852560571104943,0.14279918921943976,0.12950790081686858
TUKDD90GPC79G1KOE162,0.137221834025962,0.1750353288469477,0.18393988476277529
VDYMYTQGZZ6DU0912C88,0.14399427776309312,0.18912021162325615,0.19293742006152623
VWMYAEQSTOPNV0SUGU82,0.12255320635898305,0.1510220971693729,0.1399223648906642
