LEI_Code,Name,Country,Desc_country,cet1_ratio,total_capital_ratio,total_assets
529900S9YO2JHTIIDG38,BAWAG Group AG,AT,Austria,0.12548429935838,0.189324556656,72765.13813337
9ZHRYM6F437SQJ6OUG95,Raiffeisen Bank International AG,AT,Austria,0.18176572211671,0.22303312979455,203049.45870059
529900SXEWPJ1MRRX537,Raiffeisen-Holding Niederösterreich-Wien,AT,Austria,0.23532060453892,0.25677847685803,35247.13769061
529900XSTAE561178282,Raiffeisenbankengruppe OÖ Verbund eGen,AT,Austria,0.18504772744566,0.20253191617684,48461.1409869899
AT0000000000043000VB,VOLKSBANK WIEN AG VB,AT,Austria,0.14679104659575,0.21760505610435,32596.99973261
A5GWLFH3KM7YV2SFQL84,Belfius Bank,BE,Belgium,0.16131382960358,0.19255367023429,170146.657292
549300DYPOFMXOR7XM56,Crelan,BE,Belgium,0.22302857012179,0.28919130563094,56670.90680447
5493008QOCP58OLEN998,Investeringsmaatschappij Argenta,BE,Belgium,0.29347488876936,0.29347488876936,59468.99203409
213800X3Q9LSAKRUWY91,KBC Groupe,BE,Belgium,0.1459044054268,0.19016722444554,356505.446981
635400L14KNHZXPUZM19,Bank of Cyprus Holdings Public Limited Company,CY,Cyprus,0.20625466112025,0.2583348638449,26050.664
254900RNFMDM0P11YR84,ATLANTIC LUX HOLDCO S.A R.L.,DE,Germany,0.21936789552398,0.30090372064323,47507.80604836
VDYMYTQGZZ6DU0912C88,Bayerische Landesbank,DE,Germany,0.20457217463247,0.24437575596367,282416.56597908
851WYGNLUQLFZBSYGB56,COMMERZBANK Aktiengesellschaft,DE,Germany,0.14559014764824,0.20097659269926,599092.10201461
7LTWFZYICNSX8D621K86,DEUTSCHE BANK AKTIENGESELLSCHAFT,DE,Germany,0.14237339285204,0.19718118754128,1395879.86706988
529900HNOAA1KXQJUQ27,"DZ BANK AG Deutsche Zentral-Genossenschaftsbank, Frankfurt am Main",DE,Germany,0.17877198845078,0.22788753046772,550605.05095128
0W2PZJM8XOY22M4GG883,DekaBank Deutsche Girozentrale,DE,Germany,0.21067831860662,0.25589734469017,96079.97843525
DZZ47B9A52ZJ6LT6VV95,Deutsche Pfandbriefbank AG,DE,Germany,0.15285925069827,0.18030233507818,42356.24117
391200EEGLNXBBCVKC73,Erwerbsgesellschaft der S-Finanzgruppe mbH & Co. KG,DE,Germany,0.24559520095996,0.25762596578112,46912.89190614
529900JZTYE3W7WQH904,HASPA Finanzholding,DE,Germany,0.1800342724536,0.19266492226502,57845.20317157
TUKDD90GPC79G1KOE162,Hamburg Commercial Bank AG,DE,Germany,0.22148899131454,0.26167614237387,30786.43044431
B81CK4ESI35472RHJ606,Landesbank Baden-Württemberg,DE,Germany,0.16647795495246,0.21605109220243,366481.86634518
DIZES5CFO5K3I5R58746,Landesbank Hessen-Thüringen Girozentrale,DE,Germany,0.16308143014055,0.21578110335581,199986.557141
549300C9KPZR0VZ16R05,Morgan Stanley Europe Holding SE,DE,Germany,0.17999287074829,0.23740854293294,110484.43948599
DSNHHQ2B9X5N6OUJ1236,Norddeutsche Landesbank - Girozentrale -,DE,Germany,0.18018181174596,0.20701710829985,120837.12826458
529900V3O1M5IHMOSF46,State Street Europe Holdings Germany S.a.r.l. & Co. KG,DE,Germany,0.40646594495199,0.40646594495199,55400.52916777
5299007QVIQ7IO64NX37,UBS Europe SE,DE,Germany,0.20479969247244,0.24582472251061,61062.88870446
529900SSGT49ZZSWYE62,Volkswagen Financial Services AG,DE,Germany,0.16724899334946,0.18234837112886,203659.32221377
MAES062Z21O4RZ2U7M96,Danske Bank A/S,DK,Denmark,0.18672221282432,0.22350277174975,429188.905804365
3M5E1GQGKL17HI6CPN30,Jyske Bank A/S,DK,Denmark,0.16262640214639,0.21514433511473,102776.303053009
LIU16F6VZJSD6UKHD557,Nykredit Realkredit A/S,DK,Denmark,0.17361496648045,0.21540963487544,261751.072683232
529900JG015JC10LED24,AS LHV Group,EE,Estonia,0.18429022315112,0.23025416952024,9373.97036497
54930056IRBXK0Q1FP96,"Abanca Corporacion Bancaria, S.A.",ES,Spain,0.13224917555406,0.175829381743,81974.001
K8MS7FD7N5Z2WQ51AZ71,"Banco Bilbao Vizcaya Argentaria, S.A.",ES,Spain,0.13340270116457,0.17724442426127,746954.769
5493006QMFDDMYWIAM13,"Banco Santander, S.A.",ES,Spain,0.1298487767851,0.17217004583259,1797909.92
95980020140005881190,Banco de Crédito Social Cooperativo,ES,Spain,0.14094953242908,0.16253625318045,64539.953014
SI5RG2M0WQQLZCXKRM20,"Banco de Sabadell, S.A.",ES,Spain,0.13059744983114,0.18819233308811,252376.61
VWMYAEQSTOPNV0SUGU82,"Bankinter, S.A.",ES,Spain,0.12574219117191,0.17321309125402,131772.988097
7CUNS533WID6K7DGFI87,"CaixaBank, S.A.",ES,Spain,0.12249989185179,0.16615323393877,579897.271
549300OLBL49CW8CT155,"Ibercaja Banco, S.A.",ES,Spain,0.14257461412695,0.18877181639238,46893.066
549300U4LIZV0REEQQ46,"Kutxabank, S.A.",ES,Spain,0.19680485767692,0.19680485767692,67572.058
5493007SJLLCTM6J6M37,"Unicaja Banco, S.A.",ES,Spain,0.15976742380079,0.19984973024693,95150.416
529900HEKOENJHPNN480,Kuntarahoitus Oyj,FI,Finland,0.89373532860103,0.89373532860103,55175.17811006
529900ODI3047E2LIV03,Nordea Bank Abp,FI,Finland,0.151126379517,0.195224598179,546907.59171511
7437003B5WFBOIEFY714,OP Osuuskunta,FI,Finland,0.20772666086335,0.21481261341462,144757.11929724
R0MUWSFPU8MPRO8K5P83,BNP Paribas,FR,France,0.12458720899514,0.16725151720958,2573933.922967
969500STN7T9MRUMJ267,Bpifrance,FR,France,0.25029382667243,0.25029382667243,103166.698368
9695000CG7B84NLR5984,Confédération Nationale du Crédit Mutuel,FR,France,0.19760462733787,0.2198202073987,988217.604762
FR9695005MSX1OYEMGDF,Groupe BPCE,FR,France,0.16312493367631,0.19119155744959,1486359.288298
FR969500TJ5KRTCJQWXH,Groupe Crédit Agricole,FR,France,0.17581653503065,0.21433988590969,2187749.11120205
F0HUI1NY1AZMJMD8LP67,HSBC Continental Europe,FR,France,0.15472975697214,0.19793844996534,257233.543
96950066U5XAAIRCPA78,La Banque Postale,FR,France,0.18234366495923,0.22036018947576,317493.2204452
96950001WI712W7PQG45,RCI Banque,FR,France,0.12729032595957,0.15396423099216,73168.971887
549300HFEHJOXGE4ZE63,SFIL S.A.,FR,France,0.43523887938754,0.43523887938754,73305.8049713
O2RNE8IBXP4R0TD8PU41,Société générale S.A.,FR,France,0.13539139947483,0.18443069844139,1380480.01686054
213800DBQIB6VBNU5C64,Alpha Bank S.A.,GR,Greece,0.16078933140027,0.21690750674202,72269.488872
JEUVK5RWVJEN8W0C9M24,Eurobank Ergasias Services and Holdings S.A.,GR,Greece,0.15336343464304,0.19590766858701,101507.349952
5UMCZOEYKCVFAW8ZLO05,"National Bank of Greece, S.A.",GR,Greece,0.18929114061414,0.21670766245241,77801.977
M6AD1Y1KW32H8THQ6F76,Piraeus Financial Holdings,GR,Greece,0.14189260544327,0.20205051005906,81249.260154
3H0Q3U74FVFED2SHZT16,MBH bankcsoport,HU,Hungary,0.18344917048161,0.21273755356886,31704.6307068284
529900W3MOO00A18X956,OTP-csoport,HU,Hungary,0.17978315293165,0.19768817489374,111302.008938691
635400AKJBGNS5WNQL34,AIB Group plc,IE,Ireland,0.16741157939896,0.22058621231312,144453.7157715
635400C8EK6DRI12LJ39,Bank of Ireland Group plc,IE,Ireland,0.15281275017393,0.21388873729857,137266.1330237
N1FBEDJ5J41VKZLO2475,Citibank Europe plc,IE,Ireland,0.18416156731459,0.18416156731459,199586.47853389
7LVZJ6XRIE7VNZ4UBX81,BANCA MEDIOLANUM S.P.A.,IT,Italy,0.22434929875076,0.22434929875076,40364.02581
J48C8PCSJVUBR8KCW529,BANCA POPOLARE DI SONDRIO SOCIETA' PER AZIONI,IT,Italy,0.1497238413997,0.17489023475947,56571.210957
815600E4E6DCD2D25E30,BANCO BPM SOCIETA' PER AZIONI,IT,Italy,0.14154630271041,0.19231184148568,194217.112
N747OI7JINV7RUUH6190,BPER Banca S.p.A.,IT,Italy,0.16219343530391,0.21027344379926,144528.170147
J4CP7MHCXR8DAQMKIL78,Banca Monte dei Paschi di Siena S.p.A.,IT,Italy,0.19615332730665,0.21838864101302,125584.369564
LOO0AWXR8GF142JCO404,CASSA CENTRALE BANCA,IT,Italy,0.27301833320335,0.27304852082478,90728.178918
815600AD83B2B6317788,CREDITO EMILIANO HOLDING SOCIETA' PER AZIONI,IT,Italy,0.15828728952925,0.18489031653331,54812.319
549300L7YCATGO57ZE10,FINECOBANK S.P.A.,IT,Italy,0.23461023373798,0.32073574638746,35359.175576
NNVPP80YIZGEY2314M97,ICCREA BANCA S.P.A.,IT,Italy,0.25310130585544,0.25816322235633,165725.373689
2W8N8UU78PMDQKZENC08,Intesa Sanpaolo S.p.A.,IT,Italy,0.12971478055016,0.18549615280455,770518.393645
PSNL19R2RXX5U3QWHI44,Mediobanca - Banca di Credito Finanziario S.p.A.,IT,Italy,0.1505082023619,0.1794314767842,103838.14001
549300TRUWO2CD2G5692,"UNICREDIT, SOCIETA' PER AZIONI",IT,Italy,0.1601998386566,0.20363253494227,816816.11412
5493009EIBTCB1X12G89,LGT Group Foundation,LI,Liechtenstein,0.18495381645686,0.18495381645686,61966.3609230137
529900OE1FOAM50XLP72,Liechtensteinische Landesbank AG,LI,Liechtenstein,0.18429341024656,0.18429341024656,30112.6059669947
549300TK038P6EV4YU51,Akcinė bendrovė Šiaulių bankas,LT,Lithuania,0.17682260086496,0.22286157223922,5081.178
485100FX5Y9YLAQLNP12,Revolut Holdings Europe UAB,LT,Lithuania,0.31323794519932,0.31323794519932,27385.3809992426
9CZ7TVMR36CYD5TZBS50,Banque Internationale à Luxembourg,LU,Luxembourg,0.13863936314848,0.19224325804936,30115.98828611
2138009Y59EAR7H1UO97,"Akciju sabiedrība ""Citadele banka""",LV,Latvia,0.20275592661614,0.22576180032969,5032.17057082
529900RWC8ZYB066JF16,Bank of Valletta Plc,MT,Malta,0.22215185942312,0.29458584077465,15910.939
213800TC9PZRBHMJW403,MDB Group Limited,MT,Malta,0.16992008781528,0.20219797729432,5118.91713805
BFXS5XCH7N0Y05NIXW11,ABN AMRO Bank N.V.,NL,Netherlands,0.14537073815333,0.20576067307002,414295.121539
529900GGYMNGRQTDOO93,BNG Bank N.V.,NL,Netherlands,0.40052931359766,0.42931846296791,132223.99305378
DG3RU1DBUFHT4ZF9WN62,Coöperatieve Rabobank U.A.2,NL,Netherlands,0.19875764764235,0.23864989392634,635865.206173
549300NYKK9MWM7GGW15,ING Groep N.V.,NL,Netherlands,0.13261921161574,0.1823277195923,1086759.756
724500JIWG886A9RRT57,RBS Holdings N.V.,NL,Netherlands,0.25110460409592,0.30989545699607,40677.18254396
724500A1FNICHSDF2I11,de Volksbank N.V.,NL,Netherlands,0.1999604302861,0.27315623592385,75684.869868
549300GKFG0RYRRQ1414,DNB BANK ASA,NO,Norway,0.18330104712495,0.22740077215512,292627.763023786
7V6Z97IO7R1SEAO84Q32,SpareBank 1 SMN,NO,Norway,0.18905467183315,0.23596973557202,30201.2639073894
549300Q3OIWRHQUQM052,SpareBank 1 Sør-Norge,NO,Norway,0.18629460920662,0.23469258975203,47974.9537778528
5493000LKS7B3UTF7H35,Bank Polska Kasa Opieki S.A.,PL,Poland,0.161441106295,0.17744343131148,80080.3479287179
P4GTT6GF1W40CVIMFR43,Powszechna Kasa Oszczednosci Bank Polski S.A.,PL,Poland,0.16786086101372,0.17803535408298,128385.317776206
JU1U6S0DG9YLT7N8ZV32,"Banco Comercial Português, SA",PT,Portugal,0.1637652422142,0.20562779754203,105492.94671251
TO822O0VT80V06K0FH57,"Caixa Geral de Depósitos, S.A.",PT,Portugal,0.2090335264445,0.20990960982063,106244.312257
222100K6QL2V4MLHWQ08,LSF NANI INVESTMENTS S.A R.L.,PT,Portugal,0.14986880401347,0.18196059417107,44528.16089267
549300RG3H390KEL8896,Banca Transilvania,RO,Romania,0.18634709098989,0.20767849933573,41034.8838712218
2138008AVF4W7FMW8W87,CEC BANK SA,RO,Romania,0.23968877597186,0.290494304062,19594.3948884513
EV2XZWMLLXF2QRX0CD47,Kommuninvest - Grupp,SE,Sweden,3.52660867188686,3.52660867188686,59929.1849992374
549300C6TUMDXNOVXS82,Länsförsäkringar Bank AB - gruppen,SE,Sweden,0.15024691393082,0.19067258001079,46579.8992508859
H0YX5LBGKDVOWCXBZ594,SBAB Bank AB - Grupp,SE,Sweden,0.14519948872537,0.19586577042521,60445.5843134616
F3JS33DEI6XQ4ZBPTN86,Skandinaviska Enskilda Banken - gruppen,SE,Sweden,0.17659338655426,0.21664024812547,325811.513433992
NHBDILHZTYCNBV5UYZ31,Svenska Handelsbanken - gruppen,SE,Sweden,0.18360000001114,0.2273665276443,302582.926015733
M312WZV08Y7LYUC71685,Swedbank - Grupp,SE,Sweden,0.19704359741976,0.23546709031824,243394.191181088
213800HDJ876ACJXXD05,AIKGROUP (CY) LIMITED,SI,Slovenia,0.1673055176252,0.17521693198118,9795.48457334
5493001BABFV7P27OW30,"Nova Ljubljanska Banka d.d., Ljubljana",SI,Slovenia,0.15061958559872,0.1835339755863,29570.817
