LEI,1,2,3,4,5,6,7,8,9,10,11,12,13,14,15,16,17,18,19
0W2PZJM8XOY22M4GG883,0.002974136665343828,0.0043209329526271295,0.018703883270814882,0.15941769260861405,0.04227474744819777,0.013116877549620258,0.0016358866176946175,0.07449081559194282,9.391522836376319e-07,0.002342044139265686,0.0,0.5793171167846668,0.014941827179150212,0.08284010937383543,0.0,0.0,0.0036229906659428377,0.0,0.0
2138008AVF4W7FMW8W87,0.17004215272581033,0.01610853213511962,0.23460465776282488,0.035118883366037586,0.009970607454894864,0.16439515010336128,0.16252915403115872,0.024513987096559723,0.05797898446775909,0.0239794690164315,0.00872976890874423,0.056577217371522354,0.011650416026241468,0.008790466910292921,0.0003400094521083251,0.0006046684995816834,0.009085457450097924,0.0017142470313522373,0.003266170190101156
2138009Y59EAR7H1UO97,0.11615486904840212,0.003291515099329009,0.08702672742721798,0.07973116782210787,0.007754633385808833,0.07944917709005625,0.12596496798908782,0.09072807681369428,0.016176812976065606,0.011373887108551587,0.0001570210729711851,0.2362021079746788,0.05052671421172398,0.06776356674615053,6.658363620295159e-05,0.00260250643515387,0.011229519305185572,0.010801784290329346,0.0029983615672824512
213800DBQIB6VBNU5C64,0.007548458690034783,0.0011102877587885588,0.17138553043818908,0.13359375614873553,0.0017921628262663916,0.03801109811701245,0.1401124649274137,0.20588195966679002,0.1322616367405293,0.015618123488724345,0.011961183591657112,0.07700716044938422,0.021146898907715234,0.019357691608969878,3.4797331075615645e-05,0.0033188472749272027,0.0062431045936577724,0.0032564929501056592,0.010358344490023345
213800HDJ876ACJXXD05,0.025133607720287054,0.03591495369199446,0.21271593817670684,0.05684623670886919,0.005634616011580762,0.09986549948066,0.19643590285486315,0.08316909099078353,0.04819534123537147,0.04601539396835984,0.009287364433346863,0.11222680708170159,0.030423860295101607,0.019046355833848765,3.586726741009138e-05,0.0023249766142392713,0.004196426994414967,0.009646486352308043,0.0028852742881525497
213800TC9PZRBHMJW403,0.0,0.0,0.02059730706274087,0.0,0.0,0.24574796910900631,0.014713999137569865,0.0,0.13163699279827112,0.003243107755751379,0.01633016637106559,0.3791700577056295,0.0658943449866377,0.0,0.0,0.0,0.0,0.12266605507332781,0.0
213800X3Q9LSAKRUWY91,0.03362185221548055,0.001685500987849495,0.17161243630269502,0.045705279257037754,0.016074177092648745,0.07940096805559745,0.15568624133594328,0.0583976083888851,0.015143333897283394,0.02046852769037617,0.050444887626137185,0.14586750562340559,0.08094795559514942,0.03317110523282363,0.0008697634479217076,0.00197662280962056,0.055511528117542834,0.007156335562940796,0.026258370760661322
222100K6QL2V4MLHWQ08,0.02318909732164606,0.0052536121223559435,0.201969131365265,0.02718432872330863,0.015016102127039944,0.10535567462327011,0.12278929003676668,0.05794201343205464,0.07830475215821237,0.02015070870956442,0.045248783751297164,0.1517588875926309,0.06543419256426869,0.03093240063274715,3.465856147989763e-06,0.006252529275218953,0.018938422577475876,0.008906497494174197,0.015370109636555242
254900RNFMDM0P11YR84,0.0,0.0,0.0,0.0,4.4692855233628753e-05,0.0025003494431139325,0.0,0.0,0.04378091532455733,7.813592009731039e-07,0.0,0.9515312977132565,0.0015391480203036307,0.0,0.0,0.0,0.0,3.1254368038924153e-13,0.0006028152840215246
2W8N8UU78PMDQKZENC08,0.021924401547981007,0.012400071478258794,0.2620931310550183,0.061203012459049695,0.013590209941423822,0.06897428789951913,0.1688549759719617,0.06489353872341617,0.032807467890004376,0.05063265341585997,0.035461749240189334,0.06616295969135955,0.08768421656805288,0.02700554145229229,8.815960567364592e-06,0.0015823180215302224,0.012753501698857287,0.0038638464824567436,0.008103300502201502
391200EEGLNXBBCVKC73,0.000137173234891377,6.168593444689987e-05,0.021871986611185893,0.05814319175074956,0.032159468903881806,0.016467475696628077,0.012253525373043448,0.028292145230307503,0.0028116679077701714,0.010635330198379964,4.048337736188342e-07,0.6999076209297379,0.07262479444547149,0.0265499144501199,0.0,0.0006217894214059019,0.010368039708221857,0.005215989548422936,0.0018777958215617035
3H0Q3U74FVFED2SHZT16,0.06703975412762478,0.008328053832399734,0.18598844600919676,0.048792678539550514,0.0032721868772619166,0.07104941376103628,0.16728868475793224,0.06102408319565757,0.02551253273290857,0.021905246883544914,0.021086697880491383,0.1382870819632619,0.084516339572799,0.03174131014285463,5.921698861056569e-05,0.001062548772412331,0.004128240442866097,0.0033668399490270474,0.05555064357056383
3M5E1GQGKL17HI6CPN30,0.04325542822379263,0.0006047244084300176,0.08411995530634328,0.03343155701717707,0.004326302914061013,0.01619780216362159,0.06331441470023726,0.03159712209906881,0.005203798703374113,0.005211810228207479,0.008229008804883932,0.5752517507986311,0.061238049310157576,0.033007393682449856,0.0007384582260385603,0.017944313011207712,0.009289162916377889,0.0009703432086503077,0.0060686042772898074
485100FX5Y9YLAQLNP12,0.0,0.002355076812164602,0.11411133427848792,0.0,0.0,0.057516527454386686,0.17177534139592118,0.02922597173146925,0.014893471933745612,0.03379362035036156,0.0,0.012958361873769085,0.032390214266946965,0.02006455144427567,0.0008448248752383387,0.006630391248027578,0.002959225534333399,0.0006666920079250037,0.49981439479294715
5299007QVIQ7IO64NX37,0.004297189751302216,5.224456847262883e-08,0.045183132034467735,0.002633981697539838,0.0,0.009565291521086886,0.013062762718764833,0.016493483089424665,0.013004601175138526,0.002677794902263389,0.0,0.3656572774317632,0.1642041799940479,0.23904128588170853,0.0,0.0008068506021516522,1.0624288492253776e-05,2.206597564125882e-05,0.12333942669163848
529900GGYMNGRQTDOO93,1.1305232627508775e-10,0.0,0.00013340184057948105,0.010355591713165038,0.026991062730243286,0.0037809071940256554,0.0009831231393760626,0.01015209393590743,0.0,0.0018198702512115966,0.0008134876761571687,0.8554906623065812,0.006929094201971966,0.0010159597068275811,2.083391250394685e-06,0.0020121312361139868,0.07716103516979861,0.0008864292023970734,0.00147306619134116
529900HEKOENJHPNN480,0.0,0.0,0.00023971030086161938,0.012471405651978754,0.04952769578149969,0.00687940504704185,0.0,0.004047461925350226,0.00021129160900118835,0.000668619927799429,0.00047521644225325424,0.9158479824488918,0.0006333836600310169,0.0010998018753372628,7.785621988746188e-05,0.0,0.005368743186525895,0.002451425923540687,0.0
529900HNOAA1KXQJUQ27,0.00716381084434988,0.003458085522313367,0.12260866704200289,0.11427326307171125,0.009064152567889276,0.02717122856234163,0.07912112947091109,0.037259891904717804,0.004864506674189675,0.016088910235383037,9.830161760201711e-05,0.4459133257281101,0.021436447413922012,0.02761989457332782,0.0,0.0007771411989174146,0.008005985984335235,0.0012250733636453297,0.0738501842243301
529900JG015JC10LED24,0.018459160608379144,0.004093414428252524,0.09193620970834862,0.06928620399004937,0.012503626968244108,0.03751230742159127,0.05135019040645272,0.03747342494358655,0.02680240553688116,0.007680513846247818,0.0,0.5218374922341891,0.03235041523881275,0.034122871402073256,0.0,0.0019425047803045446,0.025418209824787315,0.02242422141451192,0.004806827247287875
529900JZTYE3W7WQH904,0.00041918096796790414,0.0013468207952272836,0.028961240834215977,0.011600582144270795,0.00981199701521907,0.051941850737036284,0.07303790022309427,0.019473419325507623,0.009377481541795834,0.008737374674203522,0.0,0.6546825763679938,0.05820160239684899,0.04214248245268939,0.0,0.0035891666334256136,0.011451391354734525,0.006115776883424912,0.009109155652344294
529900ODI3047E2LIV03,0.051380335407112225,0.005992859918895809,0.1648806384043432,0.04138116603216209,0.012525037468666896,0.04619996547134091,0.0859081475993902,0.06091851913474043,0.012448761416565642,0.0348939539898269,0.059641635665290266,0.3504020936931139,0.022499865353958808,0.02677425905831218,0.0019935960817583256,0.0028672521912321922,0.010375912312725331,0.00644157781809341,0.002474422982471186
529900OE1FOAM50XLP72,0.003470336461856798,0.000980596600089731,0.04829217601188025,0.020095933427661073,0.004256779584148204,0.0597846342981369,0.03808177684613801,0.01642249408694,0.009676669891059513,0.004636047868803509,0.0011949570892560116,0.7026654892340092,0.040135109745114146,0.009354154394272406,0.0,0.00038930005124220945,0.012464475544851111,0.006496452655208644,0.021602616209332366
529900RWC8ZYB066JF16,0.012717558241887725,0.0013862940073770997,0.035675244454939886,0.03549529900587022,0.004629997978372326,0.08959655725062661,0.15336431357366892,0.09688872320220163,0.2033566447768608,0.035852459264551974,0.07217470533173523,0.16163104847899187,0.007966603963643128,0.011280408957392556,0.0,0.008956688045599135,0.04226336650528011,0.020780302762672568,0.005983784198328453
529900S9YO2JHTIIDG38,0.003357974693291335,0.00015522368475123435,0.0864874960116647,0.05583065417658568,0.04441886358377193,0.04178618983142622,0.056043125407324555,0.027654549203586152,0.026385802458824735,0.030492976318470786,0.03259975087303576,0.3736377737527866,0.021540539639470925,0.024873643992984206,0.08395280877781079,0.002723445820002794,0.03912969424009491,0.01611852616865571,0.03281096136546084
529900SSGT49ZZSWYE62,0.006810159357609866,0.001154619638550298,0.09002988548064846,0.003386139515200588,0.0049263423998427295,0.0748525304935901,0.5213026416254299,0.03926971503576188,0.008902766268350914,0.018502963126055334,0.0,0.018940024046490964,0.06282024998580346,0.10258741583195301,0.0,0.006178386346000271,0.01778605854247158,0.004841448073706654,0.017708654232533906
529900SXEWPJ1MRRX537,0.0020526075718787077,0.00023369811479640078,0.06870714053213209,0.016111348346381203,0.0035003115353603384,0.03932755000341699,0.06192555302522015,0.006861857096207251,0.011867692712252279,0.006792937174104953,0.0029164530889231057,0.6470026933784948,0.09441337075506233,0.025350952493957753,0.0013288140430199893,0.00020944100693570759,0.005508244968129083,0.003122813415076737,0.0027665207386501738
529900V3O1M5IHMOSF46,0.0,0.0,0.27678086335930785,0.0,0.0,0.0309288982345691,0.10034048665697218,0.0011525404268331362,0.0650131181850815,0.29090135677553736,0.0,0.026805559010597536,0.04682650256800608,0.07334279438995349,0.0,0.0,0.035208562198298536,0.05207909832548385,0.0006202198693594379
529900W3MOO00A18X956,0.056369916218437184,0.009786658307105789,0.20475302935138634,0.08250269419228481,0.006808246824603936,0.08026909549183471,0.20665589662854267,0.06027638346429976,0.04544782554866128,0.02434791311073544,0.01821405959575211,0.09268672622193892,0.045646245360824414,0.029808551134168186,0.008307769198108876,0.0017456927677144203,0.006330328593849975,0.004309171859745252,0.015733796130005938
529900XSTAE561178282,0.012096395644641105,0.0037735533742663686,0.17916632034762603,0.012935757160734807,0.005222104802003002,0.08234292118353072,0.10105033008353577,0.05708733634249427,0.018738051132583488,0.010179164663414644,0.0008138316800483539,0.3336536178597347,0.13642936726383614,0.01911366603074166,7.387562888172587e-07,0.0006769271029339762,0.0035030999252550423,0.002866449878062835,0.020350366768268263
5493000LKS7B3UTF7H35,0.019976579878034532,0.019871267733050438,0.2632516140627949,0.03325547817395616,0.014015430552323677,0.07004281747717,0.193617227399256,0.07427050055825098,0.01872486905341242,0.04274731001324555,0.004736540621953957,0.10927611049502085,0.07232161769672645,0.03314091472331444,0.00027915970544681654,0.0018167804728616954,0.017324828204415724,0.009055541529065394,0.0022754116497001563
5493001BABFV7P27OW30,0.017885641673116185,0.006060014599304999,0.2505052613690934,0.08568581307514625,0.009809332208026794,0.11120894352664155,0.21677877655218059,0.08399948204771406,0.036929617939608604,0.03020343200396771,0.010798816527890021,0.0596507025338671,0.04023807888565334,0.023537239493481757,0.0005715663197454107,0.0023058106482628914,0.007571930352248274,0.002360103340710805,0.0038994369033402763
54930056IRBXK0Q1FP96,0.029432472399184763,0.004609362202246937,0.1757571326923839,0.06499852049888137,0.005257603006750408,0.08808717763872573,0.14281487737932264,0.07905379814955038,0.061527541589953993,0.019040253066494157,0.09025004265733691,0.12755151376383023,0.04986792510010439,0.02379855813214672,0.0005962860350522915,0.0036383619430370947,0.015725868268072443,0.006906450648643623,0.011086254828282016
5493006QMFDDMYWIAM13,0.026640247750731372,0.03242091341996859,0.1517297586129837,0.040568210335878846,0.0053205005879961515,0.06046205461207991,0.23142713781054916,0.047435467526738676,0.03585224123031451,0.04032612226159357,0.0,0.1329097430737087,0.05447779567234277,0.04351410878348649,0.002268056355695974,0.005721379123062918,0.013007087266437935,0.004422770215627578,0.07149640536080312
5493007SJLLCTM6J6M37,0.052820105317901246,0.0007015235199307459,0.13318323905208682,0.11327019810205137,0.024016404857696842,0.12701150641117379,0.09592878783953494,0.04738355258253083,0.035878103019764046,0.022963214532137212,0.10845580769499236,0.0788035137945363,0.04321904152722836,0.057643319920179494,0.014734539359474292,0.0037257901699144043,0.018267102280228608,0.005268836460850608,0.01672541355778767
5493008QOCP58OLEN998,0.0002684369440547433,0.0,0.24082893757467624,0.06185680403446193,0.12384783928906586,0.06566041410035767,0.25304814237404377,0.002974508929742345,0.0026657321191700806,0.013885727286421514,0.0,0.06204898107663299,0.0635913213527508,0.015108299343958485,0.0007207247109016229,0.0009104122468322412,0.014852550984231968,0.07773116763269759,0.0
5493009EIBTCB1X12G89,5.098017509720229e-06,0.0006875383984243981,0.026437307265898474,0.056158330415654434,0.024367568811129534,0.05462612347841496,0.0017692097434666818,2.3219313723035698e-05,0.029865876663724308,0.0016072150147709106,0.0,0.07965025087255459,0.08316032173217396,0.0,0.0,0.0015861592452718182,0.008448626294887221,3.091736890996645e-07,0.6316068455587069
549300C6TUMDXNOVXS82,0.06801042636316418,0.002490009150399638,0.06962551644074133,0.002781450003066376,0.0038729325306722726,0.1241144972994891,0.061669506038568814,0.044213604017537746,0.017921356694526863,0.0074702887800438085,0.003999618235786486,0.511223987956032,0.028056373803778668,0.028818867385149088,6.783601978733482e-06,0.005372514889581012,0.0038848914569981053,0.011567456334281741,0.004899919018204175
549300C9KPZR0VZ16R05,2.7541359313505285e-07,0.0033975935149432313,0.5543500296606818,0.331190198777564,0.01886203927235217,0.00021932336162162926,0.005078093677000185,0.013953591203047917,0.012650229618440673,0.03102020151887067,0.0,0.01427650421241602,0.00037941000509707484,0.003988728340847832,0.0,0.000996503054560063,0.005659806797076749,0.0004086065472145296,0.003568865024672245
549300DYPOFMXOR7XM56,0.13771948068148956,0.00033720471980419625,0.04303648069742654,0.002253960371432021,0.0030973566833410178,0.14233317763883324,0.12124844781844601,0.025392616635189283,0.054320784658198264,0.02504904589397142,0.039799039865207116,0.11925886265593999,0.11812294380556926,0.07203533815637747,8.911058253962524e-06,0.001811917137987853,0.05741386804401324,0.00893012059338126,0.027830442885138293
549300GKFG0RYRRQ1414,0.0668333661940205,0.02922497213644356,0.08258584379788318,0.08124142656896947,0.005132031531050033,0.10076192037576999,0.061459992379354275,0.08920802222501091,0.011054785308551038,0.03374740179292475,0.0,0.2620304393017393,0.11581054913387774,0.03665178759679542,4.824014940644833e-05,0.002297684065953808,0.014839371877827938,0.0032648205769457875,0.0038073449874759073
549300HFEHJOXGE4ZE63,0.0,0.015400545775844918,0.0,0.06533876929224298,0.0,0.004086703556969222,0.0,0.783661491267064,0.0,0.011415214356805441,0.0022956460516560437,0.10756779330406402,0.0,0.009258672033039577,0.0,0.0,0.0009751643623137397,0.0,0.0
549300L7YCATGO57ZE10,0.002834110862673538,0.0,0.049903021785763946,0.0029374705374960062,0.0012640145868482524,0.03136823368880115,0.1164146870100587,0.008691920499849671,0.013180928255537093,0.030400307452204005,0.0,0.1260514063054541,0.524345629042127,0.07656439293465242,0.0,0.006485105785200892,0.0019652614414448883,0.004667745756899758,0.0029257640549884886
549300NYKK9MWM7GGW15,0.01355752626804125,0.02660157449861351,0.20912659296634847,0.08254596828894471,0.011248515003110667,0.03834536316076449,0.1598051456107701,0.09535267510042589,0.010061948529912792,0.06900634240709892,0.0,0.15065689640316512,0.03592688780820868,0.05706593901321052,0.005248192225398221,0.0010923661044391663,0.02546808879168931,0.0033156412197304953,0.0055743366001276195
549300OLBL49CW8CT155,0.03869242839967362,0.002751359523839396,0.24224255330330033,0.01685826131027017,0.017818147989197192,0.13139221206417775,0.21012984627373416,0.06333458951055723,0.016614087917097984,0.013906284286950963,0.06635610209785542,0.04469237111420474,0.05415903156310977,0.04494056869320721,0.015447192384725424,0.0036080376720605757,0.008552578473399068,0.003972048952090175,0.004532298470548997
549300Q3OIWRHQUQM052,0.047898572931367664,0.027767924510911084,0.04119036706978795,0.03972879361208032,0.009410165488979804,0.1138976985309145,0.024218638573565213,0.09564843108749697,0.005612099425417206,0.020670569674352126,0.058070702420215684,0.42096998826862175,0.03415252502385534,0.045641603795149296,0.0,0.0024316394619872763,0.006475684175706542,0.0059940001092623945,0.00022059584032885663
549300RG3H390KEL8896,0.10120364992210353,0.004626175535766052,0.15421661952725055,0.03959973201713872,0.008648510830022148,0.08921647350686959,0.22403587004312428,0.08703601494708671,0.03770047997357449,0.0017234211029227538,0.01743872469350386,0.00647531342952149,0.10617910810760127,0.027589643578666778,0.02319166953342236,0.00010357656063981746,0.0025774804830917004,0.04196995485131912,0.02646758135637481
549300TK038P6EV4YU51,0.02431991677117604,0.0026188379952735356,0.13978346753881543,0.06373452476510925,0.013653732417138641,0.09005045847103907,0.11135492479560258,0.05875295279464792,0.035935778678293985,0.003811166633532586,0.005082718110689752,0.2788260271440366,0.050926832476580676,0.0785920457280205,0.0,0.0011699070800803388,0.03133487494002233,0.007289497692323406,0.002762335967617291
549300TRUWO2CD2G5692,0.015957798365254003,0.005328550624966101,0.2409629810108699,0.04846566071927349,0.01031508403657431,0.06418939055865147,0.17575529854193286,0.04795719868834698,0.02054621279492436,0.03475380313681223,0.017929277282383162,0.1822524523134862,0.0838696495961534,0.02397506615891267,0.004356510519112181,0.0014220494569121614,0.008622775439817446,0.005177913633939988,0.008162327121677188
549300U4LIZV0REEQQ46,0.007161712243042514,0.000936129549117067,0.1827574923213142,0.034263577601372906,0.027449288359533704,0.12235066237151457,0.0626887552231464,0.10699037075226836,0.01846865440575094,0.01754731916849349,0.2194046087590697,0.07661000802104763,0.06117336023302599,0.02230515039634643,0.02001524398107535,0.00431580249554735,0.004599035702859751,0.0029197839757941703,0.008043044439679552
5UMCZOEYKCVFAW8ZLO05,0.010895608332263093,0.0169026999563793,0.17332051301398954,0.1707630399884527,0.003024930121149349,0.02443732729193237,0.14082972967174012,0.2280892704049478,0.08489790403999185,0.025410677802522534,0.021215657420699176,0.049736966838511115,0.014922777800192123,0.011337769730515616,0.00012360397573625212,0.0007513561275901015,0.005446664627817035,0.0005849630014494724,0.01730853985412062
635400AKJBGNS5WNQL34,0.026095452337726796,0.003137559679214611,0.10396391281022377,0.16968045469911686,0.008900057796496866,0.04920069492474673,0.06967093159625802,0.058750396773249364,0.08140522352149265,0.05816195889996453,0.0,0.22710083790876037,0.022352956088171783,0.02261483629762885,0.0,0.0055358029903531105,0.04865446960238256,0.015350418662159316,0.02942403541205384
635400C8EK6DRI12LJ39,0.06522786480748913,0.004737790234213386,0.15815244973078196,0.020421899097313966,0.0035190776998388572,0.014120398633515897,0.08629322189002414,0.033308477185094706,0.056460929672551056,0.013983499581639006,0.0018204510010788773,0.2992631546938448,0.02783421456778816,0.1146856409886536,0.0,0.015718651193370906,0.04095065965895258,0.010522706091548468,0.032978913272300694
635400L14KNHZXPUZM19,0.008476751898811308,0.0022357948053595383,0.08747585273917874,0.021435961364482958,0.0035929188412951256,0.07956345218688558,0.1730351476509392,0.09557387181453234,0.21894556280571112,0.009986481552715849,0.0,0.17388465395404015,0.07855142198115775,0.011614625043159424,0.0,0.013632947357592148,0.012672092120544811,0.004192087677609032,0.005130376205985202
724500A1FNICHSDF2I11,0.0008825139309103383,0.0,0.03465147226734601,0.38120273924311077,0.00045735126095881515,0.02638232968951908,0.04461285330164184,0.004789598512710095,0.0038539520427609106,0.0021567253572658414,0.15488199011489637,0.14998924029603147,0.11964947498894747,0.013150732789294562,0.0,0.0010819732787967064,0.042828081963196825,0.017614084431524568,0.0018148865310882744
724500JIWG886A9RRT57,0.0,0.0,0.20166716707754861,0.04312107066275924,0.010226097884477576,0.0052218372398261555,0.04013963039361717,0.11183434757034962,0.0034203033920861318,0.11624728906306023,0.0,0.05517794296031357,0.09590869827963543,0.18131346599424888,0.0,0.0052218372398261555,0.05973757578258166,0.0053925751037638405,0.06537016135590568
7437003B5WFBOIEFY714,0.03189589464345429,0.003196895155547775,0.09333752067381688,0.10659188720406637,0.010704837094053218,0.048101546530258305,0.09078676928639387,0.047991979845784204,0.0071272378394232234,0.02981545065901644,0.04903907129936631,0.39568793243496647,0.04488545068161808,0.02303064539531914,0.002555229660876659,0.000732217379590035,0.008392174217208826,0.004126911282565954,0.0020003487166739076
7CUNS533WID6K7DGFI87,0.02169033068452768,0.0038142578306237934,0.16728937295669394,0.060222283022752794,0.009650818835791969,0.07370506140521707,0.1283712708731341,0.08670708335473962,0.05994320380829034,0.032656384473880924,0.11302075754009547,0.0996015345629112,0.05449740276860128,0.04540897025539807,0.005480949587465743,0.004346889594865355,0.010526238150368206,0.006871531532177353,0.016195658762464937
7LTWFZYICNSX8D621K86,0.002011956052162463,0.010091079181406538,0.12147598103223528,0.019525940888519517,0.0028779455186810944,0.02051669771913283,0.09942784193977378,0.02079180768162626,0.015487900124964312,0.040524801594942254,0.23421653423136246,0.2257370439597917,0.042452688230200146,0.036213247632520665,0.0021194808918262166,0.0012180607696822847,0.017509750297604605,0.0033145815593484274,0.08448666069421921
7LVZJ6XRIE7VNZ4UBX81,0.011394986855945578,2.259867004999301e-06,0.10295767532793687,0.009444444938486493,0.0010488588432849889,0.0935482486759763,0.08926695251298865,0.032916352823239306,0.02113478714601598,0.04319343906762871,0.00862946431305602,0.3539881550563784,0.13004269422852632,0.023970323097033657,8.468066567708087e-07,0.0036763132929146687,0.012987172550885254,0.035875132603262534,0.025921891992778615
7V6Z97IO7R1SEAO84Q32,0.14556394571438394,0.0006830715997741758,0.04547242682968156,0.0012411844293675786,0.001572278103900655,0.0961282523715513,0.052162012097617526,0.12369893473221512,0.009747291241428183,0.004309732724534452,0.030538763456728568,0.42949262936252475,0.024297545168874973,0.025989173156404873,0.0,0.0013016535925470742,0.003455482987716239,0.003339367032335878,0.001006255398413182
815600AD83B2B6317788,0.024305984825673598,0.002005827855248746,0.4244519954056177,0.01360384255396716,0.01902210133764904,0.04011749424347972,0.2532899268807566,0.035963562564347094,0.013095856412875704,0.013875664073486976,0.007223445206565011,0.07263903504153743,0.03213476692962831,0.02435811876123983,1.1548847331263626e-08,0.0011026029330706351,0.009203356943841109,0.001864154164608171,0.011742252317560077
815600E4E6DCD2D25E30,0.028750392859873165,0.003407258865287398,0.3509983013815138,0.027808049564084607,0.01557319871251078,0.08790480766477043,0.1560350696410749,0.039353253185274786,0.037770381684371634,0.03185955497491623,0.004077575761563964,0.08683296036336395,0.06994167292013749,0.030008064853766152,0.00012163925396426294,0.0020614882232016856,0.015028508004067716,0.007976620821235857,0.004491201265021383
851WYGNLUQLFZBSYGB56,0.005165724170154935,0.0078481876249491,0.3198371384694246,0.11970878234430905,0.024612775325067615,0.03230816335660209,0.1359613366369063,0.04866768331628637,0.006813975894831195,0.038789822898424066,0.0,0.1299295895029032,0.05016598755072355,0.025830315759554006,0.000189763290240642,0.0016157107586453686,0.012349922082710463,0.005785915661484758,0.0344192053567828
95980020140005881190,0.0951139569908498,0.0013211689479585838,0.2144629947599071,0.0187224046247298,0.01537117494929699,0.05624881142362132,0.17589142700605276,0.08059089584981084,0.04566509470983135,0.01364894461065005,0.127318771350547,0.04536061704056166,0.04342960384466399,0.03129573569271285,0.00026805701176607134,0.009661780798159174,0.01176777345663674,0.003570985093235542,0.010289801839008529
96950001WI712W7PQG45,0.004060576292614201,0.00039220082990372896,0.04329417430633729,0.0031617995955610994,0.0026410352338953956,0.07045350224846612,0.6691707930033229,0.023494443784050086,0.008704967331881457,0.00869937882634808,0.001085846985451624,0.007591310815506133,0.02999133236683967,0.06632984178120434,0.00884346386272911,0.0076333712957683715,0.02087481738261031,0.005349850484400724,0.01822729357310917
9695000CG7B84NLR5984,0.04585500454161829,0.0019093559358476036,0.06154055159949133,0.014675423042309524,0.004708774757198071,0.051456356241087846,0.08133405145656014,0.03337388582563595,0.025039900054340473,0.013633335555573643,0.057627550951229164,0.33122418247432145,0.09194881918845292,0.037176272296990616,0.0005747864064230336,0.0073417007028952,0.037923005419782545,0.00650726087488926,0.0961497826753527
96950066U5XAAIRCPA78,0.0015785460120207426,0.00042951486157768743,0.045767257947635025,0.03865259417950531,0.006283238214427919,0.04832928034587078,0.050650536079504115,0.05457514940055506,0.0156704438253651,0.026707763882050085,0.019451378982782163,0.5236354222416867,0.1134026593268152,0.03585235388342899,0.006162292298608898,0.0010384231944595358,0.005287658740492259,0.005315786766232598,0.0012096998169818143
969500STN7T9MRUMJ267,0.004760658403332648,0.0024029954661095197,0.11152310099899267,0.10721637446277017,0.008847496824072886,0.03348843350333614,0.08845665186199694,0.02958653040055968,0.05075956907927322,0.05718317640954597,0.09465648698733174,0.22931292299080425,0.12011807677765944,0.04183364159658175,0.0,0.003590386918263543,0.0047811391278562215,0.006135866184225469,0.005346492007287731
9CZ7TVMR36CYD5TZBS50,0.0026449514105709292,0.004982374665104017,0.07114594111104162,0.011012455206309238,0.0028705978971994514,0.19470093596699117,0.04220099121515584,0.021778969575174282,0.025065641125536366,0.03096072300965525,0.03749821996490119,0.4162341177304166,0.07109650502529234,0.01106343098241807,0.0004502023365912049,0.00025941041431596143,0.00688807472346258,0.0009290862369331075,0.04821737140293101
9ZHRYM6F437SQJ6OUG95,0.028340153369075027,0.007154087932032685,0.2010701766665544,0.04643971548248593,0.008442756792455668,0.045368923952439556,0.1997708100620364,0.0588134433311616,0.016542538221571684,0.03849693071130331,0.011219366088972768,0.1856411827021684,0.10365959304444325,0.029423534172168735,0.00020193324438434325,0.0008994256882788364,0.011919058453437596,0.004141211097148471,0.0024551589878815464
A5GWLFH3KM7YV2SFQL84,0.0031422403952142052,0.0010787658663233273,0.08878051967049026,0.041879560097689054,0.02342022498398045,0.1293935147075735,0.13123180724849093,0.035588721371618386,0.019445642854353722,0.0216036145872059,0.08284952527364599,0.13550135094100374,0.11014781082661608,0.04032420889205442,0.008151384579351056,0.002464072437651587,0.10145980541926242,0.015310171804741448,0.00822705804273359
AT0000000000043000VB,0.013432150195686358,0.004494229076617644,0.04560880187659057,0.02610053220264346,0.0058695011326113005,0.10025386389215381,0.0808431619797352,0.02481507790157224,0.11350848921808876,0.005547227600766667,0.0011026194450335976,0.4888692426583995,0.05644149070827842,0.011961805673350947,0.00022669613620301127,0.002614185761661925,0.009402109036658323,0.004439633662728429,0.004469181841220005
B81CK4ESI35472RHJ606,0.0011475248890191895,0.005865231769774228,0.1504313152417235,0.04755916337683914,0.024633918964730977,0.024997120807721988,0.05960496501868631,0.03502067744336058,0.0011913175070264038,0.04305007244242517,0.0,0.4507763357358275,0.07719289286515257,0.03802428888952303,0.0,0.0025606509546370936,0.011644921619522521,0.002649024406093606,0.023650578067936318
BFXS5XCH7N0Y05NIXW11,0.06549211116251971,0.01583522368754581,0.06491086206869638,0.03045784381178131,0.00706165466889234,0.03789709969383625,0.08252899052161301,0.10203266431271617,0.010678823024665034,0.06685392228321124,0.22837306453785464,0.14096190847355977,0.06424660471609435,0.0494302259375041,1.0320624485408373e-05,0.0007791225474356788,0.02708337716346614,0.0028437135397564846,0.0025224672243661993
DG3RU1DBUFHT4ZF9WN62,0.3148540867649474,0.0032658821519005767,0.1759926973759975,0.04416139529639656,0.0060418954170545795,0.03131544134474626,0.15837398746070763,0.038079459188094626,0.024767627168275918,0.015107902508739484,0.005843979888831916,0.08628984570228049,0.022644816361506802,0.029856612992917368,0.0,0.003297030072771597,0.026923325744565834,0.006273474310383018,0.006910540249882462
DIZES5CFO5K3I5R58746,7.226222081812589e-05,0.0022075523123733553,0.09554115549736143,0.09687471117930338,0.05002205314709448,0.00644895309200525,0.03125353079900682,0.045318164010173946,0.001709914165946935,0.041837802819142705,0.0,0.5043995060605729,0.02870359474977468,0.039075364646030196,0.019642798398734982,0.0053318090328733385,0.022078353937138303,0.0019209540210312832,0.007561519910617609
DSNHHQ2B9X5N6OUJ1236,0.022408496168445733,0.0002605235023568425,0.0588881429288701,0.24785054703733345,0.01270282274230527,0.022012902885953135,0.03990737968364743,0.041428673972545155,0.002354035928098227,0.046105832699920954,0.0,0.3563624169049687,0.05865882348846861,0.06401038558691445,3.6433663753078605e-05,0.002186720461883738,0.01025480698788439,0.00529061254601317,0.009280442810637533
DZZ47B9A52ZJ6LT6VV95,0.0,0.0,0.0006682048479822104,0.0005683654703669324,0.0017199448365160497,0.005486951791143603,0.0,0.0008279707377146524,0.001860005363396962,0.0,0.0,0.9692402166211685,0.002715326780594161,0.0015732365612898325,0.0,0.0021606902565123806,0.013137946571581152,0.0,4.1140161733368007e-05
EV2XZWMLLXF2QRX0CD47,0.0006459619266542548,0.0,1.382493019793294e-05,0.07446138073994363,0.09012822353294309,0.0181048860354922,0.0,0.008328810828124363,0.0001469090298532409,0.0048472679525209525,0.02588565001776172,0.7093234858556747,0.03639955788082279,0.02766094370702009,0.0018372283941505932,0.0010807285619380408,0.0,0.0011350171656964187,1.234412058831937e-07
F0HUI1NY1AZMJMD8LP67,0.003776469591028179,0.015608313438224327,0.22752644642047862,0.028831279777025567,0.0035600293989080257,0.013706692808211492,0.11460406308426728,0.07034581708023299,0.0097502820207382,0.039192116538308994,0.0010683703663276793,0.12577284184336684,0.1610204556784833,0.14035944165030093,7.408837015169521e-05,0.0004634396848644575,0.002596679727683059,0.004247771480935845,0.0374954010404624
F3JS33DEI6XQ4ZBPTN86,0.017593558718595952,0.002286125257197504,0.12007924581180544,0.08180624514109572,0.00489417443066292,0.017783277644414584,0.08574082193593428,0.06601575639920598,0.0042973482520649465,0.04457974754196298,0.11084404942132448,0.3339122105797515,0.06394321384168342,0.022459795886400714,0.006217533015507723,0.0032350599269035806,0.008378380272298324,0.0014848853037129454,0.0044485706194769626
FR9695005MSX1OYEMGDF,0.017317925292152037,0.007379906821075956,0.06601200265430794,0.039286993467819095,0.006461446420965356,0.05235436093305247,0.10547989089111218,0.029728146807796233,0.03444930702952349,0.027705862471029834,0.091342583015953,0.3679764544252934,0.0655243865489164,0.04109553244379076,0.0011030654841612838,0.005290200728102161,0.02637692979438041,0.005816348506980267,0.009298656263587784
FR969500TJ5KRTCJQWXH,0.08527748625085259,0.013418873394533765,0.14093436354414876,0.06476444581849192,0.0069333736328762675,0.03458113696717137,0.12978504863196594,0.06156482862867383,0.027204041306838532,0.041557791794078584,0.06642101330967973,0.20826470160979615,0.055465752282313104,0.026531244608514547,0.005323238360652396,0.0012347564086015322,0.012714781534817749,0.003781422363543039,0.014241699552450296
H0YX5LBGKDVOWCXBZ594,1.982750652743938e-05,0.0,0.0,0.00024485691678120537,0.0,0.007901970706293017,0.0,0.010759720507895906,0.0,0.0,0.003129184332516722,0.9753783290756095,0.0017217593125518876,0.0,0.0,0.0,0.0008443177760915852,0.0,3.3865732648203505e-08
J48C8PCSJVUBR8KCW529,0.020288307606042236,0.004837244961032238,0.26412061549764754,0.03522932750904864,0.015459356236144608,0.07859138993724575,0.18803021361066583,0.03152103443810771,0.04855923142508456,0.01497835694996733,0.017758896118568866,0.13030313011326916,0.06122753566051378,0.03210605241327801,1.7226572825614474e-05,0.002172712121892186,0.016525870337616457,0.01959774794844773,0.018675750542601892
J4CP7MHCXR8DAQMKIL78,0.035337529735050166,0.001897068676922361,0.3025880381722881,0.02390363827979508,0.02538793004161764,0.07620660686716423,0.20521493601243204,0.031753867007854646,0.04662933154688806,0.0271708180941421,0.009954569133123118,0.09712361083675979,0.04236953834337892,0.02549916291019442,1.0732241388855243e-05,0.0011337392775571573,0.014446683720024908,0.005334575414819208,0.02803762368859929
JEUVK5RWVJEN8W0C9M24,0.013040267474352895,0.0008541855512148897,0.1658060015762483,0.11530095473856737,0.002916813522584654,0.03966980121322855,0.16974619955585368,0.18181694352452207,0.10714533456756647,0.022187670806129624,0.0025840865073264545,0.1015479618580663,0.015954468435391347,0.01651065903493509,2.4853634202221386e-05,0.0013884540313624408,0.022704809875347683,0.01742078070042919,0.003379753392670745
JU1U6S0DG9YLT7N8ZV32,0.02320262331173989,0.005190991347401345,0.21253551628717912,0.014265374371671606,0.010895220120830652,0.09362335769074281,0.21500397574390168,0.07803866142488737,0.0679714292371974,0.024652161260895342,0.010869844240471268,0.10773013226736212,0.04208412139183512,0.030929928614867867,8.819551579061678e-05,0.007559533987480967,0.016164122389765126,0.008635265314947828,0.030559545481031573
K8MS7FD7N5Z2WQ51AZ71,0.02457087219265149,0.02303872444772367,0.24990519502080033,0.08738926709752044,0.005940038894753299,0.05403135591822284,0.18337165702775277,0.06106054178860586,0.045553047295053994,0.048694338621355915,0.05414383268530995,0.0621409390182999,0.02624388819643562,0.026751701184595116,0.0013768644543482283,0.0033303880112547516,0.0111430460371244,0.0036352097853881308,0.02767909232280327
LIU16F6VZJSD6UKHD557,0.02725252405454205,0.000253240425016315,0.08524628796057306,0.04365910546747992,0.004073697798224279,0.019483479796245595,0.06452400033899079,0.03217983187203345,0.0067305190227537936,0.027726896242376044,0.0011206561256609513,0.6333522470104279,0.010814733641526868,0.021666020219475616,2.1322408728630097e-05,0.000350839001041341,0.01001105302557063,0.004773014344815414,0.006760531244517382
LOO0AWXR8GF142JCO404,0.05448629208011032,0.003811146556347749,0.2623065640268256,0.015086930929318799,0.013488556236356678,0.11606040876784586,0.17896999996523189,0.03300875114368655,0.11583954657833762,0.012642682187471199,0.00037982349157456957,0.11621726517737933,0.029823453560656216,0.01802273466067921,0.0,0.0013656801504871889,0.013986707346947987,0.007074046445847605,0.007429410694895562
M312WZV08Y7LYUC71685,0.025439853186654437,0.0025828785407007388,0.0669580264515197,0.04032054019530194,0.0053551764871268065,0.030855328072480825,0.06863952282186367,0.02516260008087596,0.007301750979434782,0.020325928181039305,0.01838442268738959,0.632051568419018,0.024615212370521344,0.015863647985034063,1.412748700122576e-06,0.001832543925578011,0.0067296730214489175,0.005464451738603144,0.002115462106708733
M6AD1Y1KW32H8THQ6F76,0.020381963239017253,0.0093203339474737,0.17499028195738267,0.13483066861955606,0.0019191311315218125,0.07839208787309263,0.1368817484705717,0.15902361681976301,0.11484032140548334,0.01498626705461514,0.037276230887980676,0.05422404811236088,0.01184667277199314,0.017784859330757533,0.0005536850144508748,0.0015421368497311962,0.019631427783976578,0.0008127841525891428,0.010761734577682572
MAES062Z21O4RZ2U7M96,0.034090539052134564,0.004413489200914461,0.1534752933996658,0.03861743393917924,0.010124157432108274,0.024505469386230053,0.0867100357335499,0.05090446512619025,0.008213798069982339,0.029890950568925684,0.03747773543078675,0.4125608301423008,0.0646443677237233,0.026313567886072545,0.0020609956626299426,0.0014762146030187098,0.007749125039349969,0.0022386700879120335,0.004532861515325067
N1FBEDJ5J41VKZLO2475,0.0027100156791922507,0.022840501214238404,0.36365321875333,0.056578020754906394,0.0006752183949167973,0.005314504048716678,0.1327490920306714,0.024589437271362695,0.0051619493888353275,0.12143512422278809,0.07020576841255069,0.0819333607093237,0.06695440901370024,0.03882148905328006,3.2499187178447544e-09,1.0285572448110313e-05,0.0033011331832324205,0.00014904323972309434,0.002917425806864869
N747OI7JINV7RUUH6190,0.025974961414493278,0.003098735799655032,0.3211046151650068,0.032244118971373234,0.019765511006074276,0.07245438932622791,0.17094838237791013,0.040569014874724196,0.03991312450918452,0.026792797697974727,0.00018060342034613522,0.08854946534587711,0.08591620279792374,0.029373524984118844,0.0,0.0011507726228126294,0.011756504476358487,0.0056005876075291075,0.02460668760240989
NHBDILHZTYCNBV5UYZ31,0.006423196511036628,0.0014274324804798356,0.03542966531477483,0.00693727256969776,0.0014681953385498553,0.034828587757704164,0.025620359384010975,0.004592919864361314,0.023166225478719302,0.0010191450577905746,0.028095798049252937,0.7691485803288952,0.024897861504697222,0.008730952201087558,2.604843023675512e-06,0.0012530167339419222,0.001903060581046896,0.004251575991244221,0.0208035500096851
NNVPP80YIZGEY2314M97,0.06062573169351039,0.002214981016472957,0.268339521392407,0.017208072878510765,0.013586214704424733,0.12109132528851667,0.1827833130470075,0.031049490316899433,0.06650878656727938,0.013902626925039527,4.877573698860484e-05,0.12943249351538794,0.032084239680127066,0.022421797286990165,2.0980180860886333e-06,0.002460156160768678,0.01932706215411239,0.008967190159762694,0.007946123457707814
O2RNE8IBXP4R0TD8PU41,0.01038520807291872,0.02570814217544133,0.1450292539400746,0.08240790566547226,0.007806581507065413,0.03129234085435754,0.13787598610712032,0.08131027394810739,0.022235305219403728,0.06095972841674801,0.06465308902080193,0.12744929749619355,0.026247689732762678,0.03544241519635362,0.0008450536743317472,0.004026047422050167,0.014648518240526856,0.0064635474644617365,0.1152136158458084
P4GTT6GF1W40CVIMFR43,0.02185269724649372,0.006604771728395585,0.28568131690156684,0.04678622042021229,0.014454303403412173,0.04887825575253091,0.18960488400436856,0.08570573726467436,0.018884260865570594,0.05512671327634293,0.010938797807250334,0.08297325050799897,0.03131106678808752,0.06984162429221298,0.00020378861033973505,0.0033947539995564896,0.014655355940724106,0.005579944929967477,0.007522256260294326
PSNL19R2RXX5U3QWHI44,0.0013393650511705872,0.0008539471924081887,0.21997312873931266,0.0718845970250233,0.003349871501520638,0.0317115650894169,0.07909744671218571,0.03634768673410812,0.006716713573422445,0.07069445390148502,0.07228215496590003,0.10560107125385751,0.22716829330576208,0.05871531531751477,0.0,0.00019566769920182053,0.0015680211573589592,0.001523719036784962,0.010976981743566525
R0MUWSFPU8MPRO8K5P83,0.025349095084925038,0.009232941635104516,0.20994361188805497,0.042682457213710105,0.007463624658509139,0.0633997806132169,0.17660765971249523,0.05824420485775533,0.01803296323622464,0.04364160390393502,0.053219946597115125,0.1439156015265655,0.055496126853693976,0.0553134486772307,0.0009685480972934264,0.0020191657811952945,0.011510163973519325,0.005486122292215064,0.017472933397240587
SI5RG2M0WQQLZCXKRM20,0.01923101969603225,0.005575885236535963,0.16180377463273887,0.0800980992035901,0.007640081552291128,0.06490512493555464,0.145672447910877,0.06306226665121997,0.07117773941284458,0.04477111347152914,0.09536747664778353,0.11076173168897677,0.04031854865939695,0.03823187746942782,0.00968245420351618,0.004828117436810031,0.02132430880441353,0.007157697978977256,0.008390234407484168
TO822O0VT80V06K0FH57,0.028657546044063138,0.01043042699880407,0.165125362111436,0.05975692168078959,0.014112310668009229,0.09082610658553666,0.15376559217678915,0.07280168241671983,0.06031947562392835,0.012947026125981722,0.027331702791571048,0.16476224361209607,0.05188800832966814,0.03367720242369229,0.0010350917960963838,0.005894114437620016,0.01744130332480989,0.010390977049251252,0.018836905803137082
TUKDD90GPC79G1KOE162,0.0,0.004394403879906963,0.022442483340757498,0.10925963992231041,0.010340786551974509,0.03632398638620527,0.009701284640676565,0.20640884097972417,0.007836228043990038,0.03748539391999809,7.981514759993468e-05,0.4030855727836721,0.1119944652800822,0.030413938416050338,0.0,0.0031129048422290904,0.004244817715308632,0.0007542258894980004,0.0021212122600161648
VDYMYTQGZZ6DU0912C88,0.01820982020968789,0.002506988475320189,0.06044448808252261,0.2270804326360415,0.057851132400404945,0.01932194676891755,0.014921106825827576,0.04170906368906555,0.009866189822106235,0.012014430340117373,0.0,0.4556035706087297,0.018112738111200684,0.021249310637765733,0.0,0.0033282097074846407,0.027437875247363182,0.0013939589637973829,0.00894873747364723
VWMYAEQSTOPNV0SUGU82,0.021735899929470715,0.0023007478646153577,0.1658284174631735,0.05366946857689054,0.006230025119695326,0.09843593856591383,0.18183241757535573,0.051061994844928245,0.05042539954421941,0.0212765855767137,0.0,0.14542588030439316,0.1120905681411945,0.042400890115283384,0.0025690669253025495,0.004523516515794825,0.012485490965387237,0.008028557933074859,0.01967913403859325
