LEI_Code,weighted_degree,betweenness,eigenvector,pagerank,weighted_degree_thresh,betweenness_thresh,eigenvector_thresh,pagerank_thresh,Name,Country,Desc_country,cet1_ratio,total_capital_ratio,total_assets
FR969500TJ5KRTCJQWXH,81.74005089098317,0.12830188679245283,0.11661428824964956,0.011160906148421638,29.589315962944244,0.12812219227313568,0.06881839378248192,0.010649104241674909,Groupe Crédit Agricole,FR,France,0.17581653503065,0.21433988590969,2187749.11120205
549300TK038P6EV4YU51,81.7132241029229,0.13405211141060197,0.11675700058446006,0.011151863494216848,35.867675580990884,0.14339622641509434,0.12912637538394078,0.011858220384433273,Akcinė bendrovė Šiaulių bankas,LT,Lithuania,0.17682260086496,0.22286157223922,5081.178
TO822O0VT80V06K0FH57,81.42727644230126,0.17502246181491465,0.11610165408663198,0.011127909992033277,40.10249055630931,0.19155435759209344,0.04867630209968247,0.016617940050827926,"Caixa Geral de Depósitos, S.A.",PT,Portugal,0.2090335264445,0.20990960982063,106244.312257
9ZHRYM6F437SQJ6OUG95,79.79903053232219,0.013656783468104223,0.11385638644535194,0.010930431864385661,33.83929963427309,0.027672955974842768,0.03787717233911299,0.012641548131260762,Raiffeisen Bank International AG,AT,Austria,0.18176572211671,0.22303312979455,203049.45870059
213800X3Q9LSAKRUWY91,79.76747241629018,0.015453728661275831,0.11369882916467763,0.010931635890596246,34.90828367528302,0.034141958670260555,0.03800324219818839,0.013320027673788374,KBC Groupe,BE,Belgium,0.1459044054268,0.19016722444554,356505.446981
549300TRUWO2CD2G5692,79.68906054641688,0.11644204851752021,0.11377467356301312,0.010915873829625743,35.20359800668464,0.12075471698113208,0.0406755981046258,0.013095571294803304,"UNICREDIT, SOCIETA' PER AZIONI",IT,Italy,0.1601998386566,0.20363253494227,816816.11412
529900XSTAE561178282,79.60763659274548,0.11320754716981132,0.11378190682093736,0.010901449761107771,33.085183895695444,0.10853548966756514,0.1297927136607206,0.010850527796894192,Raiffeisenbankengruppe OÖ Verbund eGen,AT,Austria,0.18504772744566,0.20253191617684,48461.1409869899
529900ODI3047E2LIV03,79.52492275414926,0.1078167115902965,0.11381006807310991,0.010885561127443375,36.384050852077735,0.10386343216531896,0.15615746790914647,0.011585590703207483,Nordea Bank Abp,FI,Finland,0.151126379517,0.195224598179,546907.59171511
222100K6QL2V4MLHWQ08,79.08069212722273,0.009703504043126684,0.11291364028332346,0.010844319245839458,33.041836613776056,0.010242587601078167,0.03463510378475965,0.012685527848185872,LSF NANI INVESTMENTS S.A R.L.,PT,Portugal,0.14986880401347,0.18196059417107,44528.16089267
R0MUWSFPU8MPRO8K5P83,78.7224298146509,0.05480682839173405,0.11229180797311789,0.010804329647381667,34.627922707200106,0.05175202156334232,0.03283580055951024,0.013086349687871817,BNP Paribas,FR,France,0.12458720899514,0.16725151720958,2573933.922967
3H0Q3U74FVFED2SHZT16,78.56566782416918,0.02353998203054807,0.11184655975170937,0.01079417121884368,35.850037710815684,0.010601976639712489,0.03728164035241333,0.013511547066307758,MBH bankcsoport,HU,Hungary,0.18344917048161,0.21273755356886,31704.6307068284
VWMYAEQSTOPNV0SUGU82,78.22622863774075,0.005390835579514825,0.11151200354891037,0.010747527566344325,33.7316782567399,0.0,0.036064190709655136,0.01286707320652128,"Bankinter, S.A.",ES,Spain,0.12574219117191,0.17321309125402,131772.988097
2138009Y59EAR7H1UO97,77.97989257149793,0.006289308176100629,0.11131014778291871,0.01071094114482003,19.315064182683763,0.0,0.06857903711695558,0.007092014987622873,"Akciju sabiedrība ""Citadele banka""",LV,Latvia,0.20275592661614,0.22576180032969,5032.17057082
969500STN7T9MRUMJ267,77.95252810400126,0.014375561545372867,0.11128265639962909,0.010705994054212733,19.29354798792813,0.00017969451931716083,0.06074744362024131,0.007856292379512577,Bpifrance,FR,France,0.25029382667243,0.25029382667243,103166.698368
54930056IRBXK0Q1FP96,77.7983476437327,0.08050314465408805,0.11097826673078369,0.010694429497572197,35.66938003071627,0.0803234501347709,0.033018107118266624,0.014311042467366981,"Abanca Corporacion Bancaria, S.A.",ES,Spain,0.13224917555406,0.175829381743,81974.001
F3JS33DEI6XQ4ZBPTN86,77.75753957861492,0.027672955974842768,0.11116854917401377,0.010677931648587834,35.19260769838027,0.033782569631626236,0.1501788516644706,0.011887775905512042,Skandinaviska Enskilda Banken - gruppen,SE,Sweden,0.17659338655426,0.21664024812547,325811.513433992
MAES062Z21O4RZ2U7M96,77.63784286417517,0.19514824797843666,0.11114432655078277,0.010659574760566552,39.021015486900545,0.19209344115004492,0.17321825968822233,0.012135280195770221,Danske Bank A/S,DK,Denmark,0.18672221282432,0.22350277174975,429188.905804365
549300NYKK9MWM7GGW15,77.45898955420142,0.003234501347708895,0.1104616477086484,0.010654168447123039,32.791227890741624,0.002336028751123091,0.031287453810246814,0.01254318427214906,ING Groep N.V.,NL,Netherlands,0.13261921161574,0.1823277195923,1086759.756
635400C8EK6DRI12LJ39,77.44989149337127,0.005570530098831986,0.11073435373993828,0.010642709803509662,23.905187159651057,0.0,0.1083810618666323,0.008033182560439386,Bank of Ireland Group plc,IE,Ireland,0.15281275017393,0.21388873729857,137266.1330237
549300GKFG0RYRRQ1414,77.01220424833667,0.007547169811320755,0.10997483419712001,0.010594519628126098,25.791323180879463,0.006648697214734951,0.10757106844997462,0.008748718087935302,DNB BANK ASA,NO,Norway,0.18330104712495,0.22740077215512,292627.763023786
7LVZJ6XRIE7VNZ4UBX81,76.66436028044116,0.0472596585804133,0.10962495212808525,0.01054866904404607,36.23819732557823,0.042048517520215635,0.15974216651442055,0.011555731815576191,BANCA MEDIOLANUM S.P.A.,IT,Italy,0.22434929875076,0.22434929875076,40364.02581
7437003B5WFBOIEFY714,76.4158639442665,0.05840071877807727,0.10935990559051091,0.010514575022307902,40.09522858649602,0.050673854447439354,0.1747884300043341,0.012514717976924631,OP Osuuskunta,FI,Finland,0.20772666086335,0.21481261341462,144757.11929724
SI5RG2M0WQQLZCXKRM20,75.94859114647349,0.005929919137466307,0.10833061253817082,0.010473551932160353,33.55684238242486,0.004132973944294699,0.02935464053327297,0.013266759468145865,"Banco de Sabadell, S.A.",ES,Spain,0.13059744983114,0.18819233308811,252376.61
FR9695005MSX1OYEMGDF,75.90348886852513,0.006828391734052111,0.10863339533846292,0.010453604576585163,38.6756694092748,0.005031446540880503,0.1717374190115084,0.012042491449821505,Groupe BPCE,FR,France,0.16312493367631,0.19119155744959,1486359.288298
J48C8PCSJVUBR8KCW529,74.92222841076715,0.09649595687331536,0.10702911433148118,0.010348040408023852,33.77182308490155,0.09721473495058401,0.029461084226600296,0.012843600159275886,BANCA POPOLARE DI SONDRIO SOCIETA' PER AZIONI,IT,Italy,0.1497238413997,0.17489023475947,56571.210957
B81CK4ESI35472RHJ606,74.85553295649078,0.04115004492362983,0.10718369060947143,0.010328276009503682,38.277711026517736,0.03791554357592093,0.17224593816493236,0.011892633437143097,Landesbank Baden-Württemberg,DE,Germany,0.16647795495246,0.21605109220243,366481.86634518
635400AKJBGNS5WNQL34,74.84373136839689,0.002336028751123091,0.10678404465765733,0.010339328131746641,10.488711511711298,0.0,0.035704692691403285,0.004548366621091626,AIB Group plc,IE,Ireland,0.16741157939896,0.22058621231312,144453.7157715
5493006QMFDDMYWIAM13,74.74206759089176,0.0348607367475292,0.10634125880127793,0.010340655526671863,27.16721130548445,0.0,0.02543351675099898,0.01041324668527103,"Banco Santander, S.A.",ES,Spain,0.1298487767851,0.17217004583259,1797909.92
9695000CG7B84NLR5984,74.56659723559962,0.006828391734052111,0.10636829829572508,0.010308804282220635,36.91232875339259,0.0174303683737646,0.16234673159329993,0.012720024400233986,Confédération Nationale du Crédit Mutuel,FR,France,0.19760462733787,0.2198202073987,988217.604762
7CUNS533WID6K7DGFI87,74.44889606776287,0.042946990116801434,0.10614157316675768,0.010297604894435694,31.57860454565039,0.036657681940700806,0.026902936443954927,0.01273159994555649,"CaixaBank, S.A.",ES,Spain,0.12249989185179,0.16615323393877,579897.271
O2RNE8IBXP4R0TD8PU41,74.3377908777684,0.029829290206648696,0.10545542177795006,0.010303635426527239,19.28354725638357,0.0,0.019754767853165097,0.007779139067451634,Société générale S.A.,FR,France,0.13539139947483,0.18443069844139,1380480.01686054
213800HDJ876ACJXXD05,74.25207991773594,0.021203953279424977,0.1059996531389084,0.010270431381316392,36.11092335312138,0.017250673854447438,0.029777164598404567,0.013964672939467836,AIKGROUP (CY) LIMITED,SI,Slovenia,0.1673055176252,0.17521693198118,9795.48457334
529900HNOAA1KXQJUQ27,74.02782561053363,0.0,0.10582663944966529,0.010236240163413589,38.84157727446732,0.0,0.17170647765501543,0.0121347170951753,"DZ BANK AG Deutsche Zentral-Genossenschaftsbank, Frankfurt am Main",DE,Germany,0.17877198845078,0.22788753046772,550605.05095128
JU1U6S0DG9YLT7N8ZV32,73.19783609532745,0.01078167115902965,0.1044053870652307,0.010148851220561911,33.46333544849626,0.005929919137466307,0.027607553130911098,0.01283086734591461,"Banco Comercial Português, SA",PT,Portugal,0.1637652422142,0.20562779754203,105492.94671251
529900W3MOO00A18X956,73.15270180963091,0.01958670260557053,0.10434523369307037,0.01014199689573185,35.38820601492195,0.017969451931716084,0.029724749290914947,0.013540341330160122,OTP-csoport,HU,Hungary,0.17978315293165,0.19768817489374,111302.008938691
5493000LKS7B3UTF7H35,73.07959873449404,0.04654088050314465,0.10436260532513146,0.010129737939115733,35.4218372327549,0.047798742138364776,0.02987456674533818,0.013521480599937224,Bank Polska Kasa Opieki S.A.,PL,Poland,0.161441106295,0.17744343131148,80080.3479287179
NNVPP80YIZGEY2314M97,72.74863164694618,0.031805929919137464,0.10409512859101304,0.010084481880686577,29.789974176894873,0.04132973944294699,0.0261238455973803,0.011383947163946896,ICCREA BANCA S.P.A.,IT,Italy,0.25310130585544,0.25816322235633,165725.373689
529900S9YO2JHTIIDG38,72.63585859065469,0.0,0.10400880433417956,0.010064374390685998,35.99922516796138,0.0,0.16651098767323955,0.011180272128091594,BAWAG Group AG,AT,Austria,0.12548429935838,0.189324556656,72765.13813337
A5GWLFH3KM7YV2SFQL84,71.53642869413376,0.0,0.10215711517817588,0.009944165945064058,7.804527747496973,0.0174303683737646,0.006769314253680056,0.005522303789517335,Belfius Bank,BE,Belgium,0.16131382960358,0.19255367023429,170146.657292
851WYGNLUQLFZBSYGB56,71.0940481135765,0.017969451931716084,0.10151746608973827,0.009893910604564538,28.84373614910369,0.0174303683737646,0.024269201510428943,0.012305909590123561,COMMERZBANK Aktiengesellschaft,DE,Germany,0.14559014764824,0.20097659269926,599092.10201461
LOO0AWXR8GF142JCO404,70.72453716934747,0.0010781671159029648,0.10122975333981872,0.009842907646059152,28.480827572859955,0.0,0.02532404855469557,0.010936546620361207,CASSA CENTRALE BANCA,IT,Italy,0.27301833320335,0.27304852082478,90728.178918
529900JG015JC10LED24,70.52901337158762,0.044204851752021566,0.1011875972458847,0.009806769592478037,37.11331021495789,0.036657681940700806,0.17152755293297672,0.011479556347515322,AS LHV Group,EE,Estonia,0.18429022315112,0.23025416952024,9373.97036497
9CZ7TVMR36CYD5TZBS50,70.11044231481371,0.012039532794249776,0.10048725125217163,0.009763020039087907,32.561469685036094,0.011859838274932614,0.15151120454233305,0.01041794110105338,Banque Internationale à Luxembourg,LU,Luxembourg,0.13863936314848,0.19224325804936,30115.98828611
AT0000000000043000VB,69.69710979216214,0.014016172506738544,0.1000218324049194,0.009707583041103413,36.22342575007579,0.005390835579514825,0.16586298147202103,0.01142164664520516,VOLKSBANK WIEN AG VB,AT,Austria,0.14679104659575,0.21760505610435,32596.99973261
549300C6TUMDXNOVXS82,69.68610547379438,0.01527403414195867,0.10005016301715344,0.0097053379781636,37.411437801518915,0.013477088948787063,0.1692003037260977,0.011772496629027738,Länsförsäkringar Bank AB - gruppen,SE,Sweden,0.15024691393082,0.19067258001079,46579.8992508859
549300Q3OIWRHQUQM052,69.67968001827784,0.003054806828391734,0.09991675784907762,0.009708292194529898,36.959045398132,0.0021563342318059297,0.16710430424450526,0.011648122488574488,SpareBank 1 Sør-Norge,NO,Norway,0.18629460920662,0.23469258975203,47974.9537778528
F0HUI1NY1AZMJMD8LP67,69.64541197199837,0.01527403414195867,0.09927085750297837,0.009726098817659701,14.868427548838655,0.01778975741239892,0.012635148288730714,0.008261782221138063,HSBC Continental Europe,FR,France,0.15472975697214,0.19793844996534,257233.543
2W8N8UU78PMDQKZENC08,69.63485627883627,0.033962264150943396,0.09941445305368136,0.009720878432768348,34.358020063615825,0.031446540880503145,0.027420347205520466,0.013787914075689344,Intesa Sanpaolo S.p.A.,IT,Italy,0.12971478055016,0.18549615280455,770518.393645
J4CP7MHCXR8DAQMKIL78,69.57300872554882,0.024618149146451034,0.09944986624159494,0.00971051434885227,31.73298087688947,0.02192273135669362,0.026781402911819067,0.012107453183423727,Banca Monte dei Paschi di Siena S.p.A.,IT,Italy,0.19615332730665,0.21838864101302,125584.369564
DIZES5CFO5K3I5R58746,69.22350531560394,0.026594788858939802,0.09928842796002751,0.009652145031305553,36.685383452147335,0.022461814914645103,0.16952428205388617,0.011364134307313162,Landesbank Hessen-Thüringen Girozentrale,DE,Germany,0.16308143014055,0.21578110335581,199986.557141
P4GTT6GF1W40CVIMFR43,69.15022065613555,0.0014375561545372866,0.0987636682256248,0.009661798543150218,32.33601601460202,0.00035938903863432165,0.027081732461984625,0.012392190854202085,Powszechna Kasa Oszczednosci Bank Polski S.A.,PL,Poland,0.16786086101372,0.17803535408298,128385.317776206
96950066U5XAAIRCPA78,68.92366733080415,0.027493261455525605,0.09884988966220688,0.009616845321730414,36.88105807037645,0.017250673854447438,0.1705162619222987,0.011416710259173745,La Banque Postale,FR,France,0.18234366495923,0.22036018947576,317493.2204452
3M5E1GQGKL17HI6CPN30,68.8615123954573,0.13890386343216532,0.09884816287185423,0.009606893717698127,36.99992405018357,0.13836477987421383,0.17112766067090682,0.011447161405438099,Jyske Bank A/S,DK,Denmark,0.16262640214639,0.21514433511473,102776.303053009
5493007SJLLCTM6J6M37,68.71004825645059,0.0021563342318059297,0.09808296140436173,0.00960987782395386,12.249915719716197,0.0,0.010401176870819573,0.0061505404698759284,"Unicaja Banco, S.A.",ES,Spain,0.15976742380079,0.19984973024693,95150.416
N747OI7JINV7RUUH6190,68.69130680352963,0.026954177897574125,0.09818100968709292,0.009605935093743802,31.459303956279577,0.02192273135669362,0.02660230143801408,0.012090524906704946,BPER Banca S.p.A.,IT,Italy,0.16219343530391,0.21027344379926,144528.170147
K8MS7FD7N5Z2WQ51AZ71,68.602159370222,0.010422282120395327,0.09788549101939388,0.009600016394760366,34.94231231849129,0.005929919137466307,0.02782530652898641,0.013443161414318132,"Banco Bilbao Vizcaya Argentaria, S.A.",ES,Spain,0.13340270116457,0.17724442426127,746954.769
7V6Z97IO7R1SEAO84Q32,68.35253496725588,0.0005390835579514824,0.09802867482839199,0.009550531230537037,34.14976502871861,0.00035938903863432165,0.1580620669001143,0.01068847560250763,SpareBank 1 SMN,NO,Norway,0.18905467183315,0.23596973557202,30201.2639073894
JEUVK5RWVJEN8W0C9M24,68.06629692285115,0.03719676549865229,0.09698315110758625,0.009539355560734231,13.42940968710393,0.02839173405211141,0.010121844183681443,0.006785010541173521,Eurobank Ergasias Services and Holdings S.A.,GR,Greece,0.15336343464304,0.19590766858701,101507.349952
635400L14KNHZXPUZM19,67.78403660609106,0.0021563342318059297,0.0968536261131582,0.00949615330970037,1.7991786627307187,0.0174303683737646,0.0012607783192064327,0.004792540989737063,Bank of Cyprus Holdings Public Limited Company,CY,Cyprus,0.20625466112025,0.2583348638449,26050.664
5493001BABFV7P27OW30,67.6537253242642,0.002875112309074573,0.09661174870113803,0.009484642617055299,33.24125778598525,0.0026954177897574125,0.02708590991683774,0.012789722039777332,"Nova Ljubljanska Banka d.d., Ljubljana",SI,Slovenia,0.15061958559872,0.1835339755863,29570.817
7LTWFZYICNSX8D621K86,67.35401639371992,0.0,0.09619727517646806,0.009446699373463027,2.60478303802449,0.008265947888589397,0.00549445673056834,0.0033259546979485114,DEUTSCHE BANK AKTIENGESELLSCHAFT,DE,Germany,0.14237339285204,0.19718118754128,1395879.86706988
LIU16F6VZJSD6UKHD557,67.28936568668162,0.003234501347708895,0.09666176618959996,0.009417915951577264,36.02915166566373,0.0026954177897574125,0.1679320515757309,0.011167500068577075,Nykredit Realkredit A/S,DK,Denmark,0.17361496648045,0.21540963487544,261751.072683232
DSNHHQ2B9X5N6OUJ1236,67.14608064232836,0.008086253369272238,0.09607759180544118,0.009411593556832288,18.458512253879178,0.0005390835579514824,0.08265263089403561,0.0065534663387739065,Norddeutsche Landesbank - Girozentrale -,DE,Germany,0.18018181174596,0.20701710829985,120837.12826458
M312WZV08Y7LYUC71685,66.96465368529199,0.10008984725965858,0.0962157833021559,0.009378551540709355,36.071886198182426,0.09595687331536389,0.1681562161111191,0.011178789523987627,Swedbank - Grupp,SE,Sweden,0.19704359741976,0.23546709031824,243394.191181088
815600E4E6DCD2D25E30,66.89686516166836,0.008265947888589397,0.09578774277606529,0.00938680881171183,30.22170091615867,0.004132973944294699,0.025611319127426455,0.011681789951725821,BANCO BPM SOCIETA' PER AZIONI,IT,Italy,0.14154630271041,0.19231184148568,194217.112
529900SXEWPJ1MRRX537,66.53428431969755,0.014195867026055705,0.095605616518821,0.00932725040864828,35.08839175254136,0.008984725965858042,0.16547803540134093,0.010886556426063702,Raiffeisen-Holding Niederösterreich-Wien,AT,Austria,0.23532060453892,0.25677847685803,35247.13769061
TUKDD90GPC79G1KOE162,65.70299982283886,0.007367475292003594,0.09395043865138582,0.009243652757599542,25.48993864140133,0.0,0.12222610090124196,0.008309633533262025,Hamburg Commercial Bank AG,DE,Germany,0.22148899131454,0.26167614237387,30786.43044431
PSNL19R2RXX5U3QWHI44,65.37456494255349,0.009703504043126684,0.09335187418460102,0.00921076302672271,1.77658145600128,0.0,0.0010610960151957434,0.0021741015914531208,Mediobanca - Banca di Credito Finanziario S.p.A.,IT,Italy,0.1505082023619,0.1794314767842,103838.14001
VDYMYTQGZZ6DU0912C88,65.30959401461472,0.010601976639712489,0.09366119403453903,0.009186953763000775,28.913687902125158,0.0052111410601976636,0.134100492850349,0.009285545115540361,Bayerische Landesbank,DE,Germany,0.20457217463247,0.24437575596367,282416.56597908
529900JZTYE3W7WQH904,65.00483348053304,0.0014375561545372866,0.09342264218022595,0.009145123459865637,34.166810570717935,0.0007187780772686433,0.16244987764388763,0.010623266621297757,HASPA Finanzholding,DE,Germany,0.1800342724536,0.19266492226502,57845.20317157
549300OLBL49CW8CT155,64.98647896752712,0.0008984725965858042,0.09293217386668866,0.009163507336187569,30.978501618054224,0.0005390835579514824,0.026085560443391137,0.01190686423456366,"Ibercaja Banco, S.A.",ES,Spain,0.14257461412695,0.18877181639238,46893.066
95980020140005881190,63.94570784440379,0.00035938903863432165,0.09139481579405162,0.009040400828506767,24.799150414761293,0.0,0.019977734128602934,0.010222692731124668,Banco de Crédito Social Cooperativo,ES,Spain,0.14094953242908,0.16253625318045,64539.953014
529900OE1FOAM50XLP72,63.834996709727555,0.0215633423180593,0.09179710314049937,0.009004899017432611,33.31290968556284,0.016172506738544475,0.15919608212854244,0.010382413235330533,Liechtensteinische Landesbank AG,LI,Liechtenstein,0.18429341024656,0.18429341024656,30112.6059669947
529900RWC8ZYB066JF16,63.75596494877318,0.0,0.09117356096799759,0.009013644975257924,0.9412547435872012,0.0,3.579898772671921e-05,0.003579070329725558,Bank of Valletta Plc,MT,Malta,0.22215185942312,0.29458584077465,15910.939
M6AD1Y1KW32H8THQ6F76,63.6081565819005,0.009883198562443846,0.09068564772648174,0.009007492938093194,12.546251364091681,0.005929919137466307,0.00934227069614191,0.006500125172654992,Piraeus Financial Holdings,GR,Greece,0.14189260544327,0.20205051005906,81249.260154
549300DYPOFMXOR7XM56,63.18912247847868,0.0,0.09030458895396214,0.00894875829004424,0.8493537552381892,0.0,0.00017344704571845286,0.001958738875565044,Crelan,BE,Belgium,0.22302857012179,0.28919130563094,56670.90680447
213800DBQIB6VBNU5C64,62.78785248437065,0.02174303683737646,0.08945554789488407,0.008911217197243025,5.48486882571605,0.014195867026055705,0.0029494316428404265,0.003983013563168786,Alpha Bank S.A.,GR,Greece,0.16078933140027,0.21690750674202,72269.488872
0W2PZJM8XOY22M4GG883,62.62747242756448,0.005390835579514825,0.08995155790861659,0.008863582525419958,31.679011896035174,0.003234501347708895,0.15010896170566024,0.009962365821399812,DekaBank Deutsche Girozentrale,DE,Germany,0.21067831860662,0.25589734469017,96079.97843525
N1FBEDJ5J41VKZLO2475,62.50272514103348,0.018688230008984726,0.08954701253945353,0.008860945013617734,13.536412459247513,0.0,0.011535798548767937,0.00590775049099344,Citibank Europe plc,IE,Ireland,0.18416156731459,0.18416156731459,199586.47853389
391200EEGLNXBBCVKC73,62.02502479020406,0.018508535489667566,0.08922109739582545,0.00878811579977569,33.186283719428786,0.017250673854447438,0.15736511015587124,0.01036741909084317,Erwerbsgesellschaft der S-Finanzgruppe mbH & Co. KG,DE,Germany,0.24559520095996,0.25762596578112,46912.89190614
NHBDILHZTYCNBV5UYZ31,61.40632897784899,0.0853548966756514,0.08840676446790817,0.00871299234889838,32.22014820855944,0.07906558849955077,0.15481192406920327,0.010079030529347027,Svenska Handelsbanken - gruppen,SE,Sweden,0.18360000001114,0.2273665276443,302582.926015733
815600AD83B2B6317788,61.16041422668887,0.0,0.08766844466733863,0.008701713462211623,21.963898334124373,0.0,0.01829025493137514,0.008711632392242227,CREDITO EMILIANO HOLDING SOCIETA' PER AZIONI,IT,Italy,0.15828728952925,0.18489031653331,54812.319
5493008QOCP58OLEN998,61.0211696335705,0.0,0.08734679187227182,0.008686712713454111,18.376970957165934,0.0,0.015883967742369085,0.007472693266589823,Investeringsmaatschappij Argenta,BE,Belgium,0.29347488876936,0.29347488876936,59468.99203409
BFXS5XCH7N0Y05NIXW11,60.7867628335683,0.0,0.08694562642515578,0.008658496717575207,1.748532192403374,0.00017969451931716083,0.0002091767841266563,0.003087599413302315,ABN AMRO Bank N.V.,NL,Netherlands,0.14537073815333,0.20576067307002,414295.121539
2138008AVF4W7FMW8W87,60.443915194437814,0.006828391734052111,0.08672342709520656,0.008613750268635083,15.658668027373029,0.0174303683737646,0.011895602212174188,0.00789790655511252,CEC BANK SA,RO,Romania,0.23968877597186,0.290494304062,19594.3948884513
5299007QVIQ7IO64NX37,59.612636461574596,0.0,0.08518923672891457,0.008522050380560349,0.8609997324149548,0.0,0.004216446057137428,0.0017000490757656753,UBS Europe SE,DE,Germany,0.20479969247244,0.24582472251061,61062.88870446
EV2XZWMLLXF2QRX0CD47,59.52578101486677,0.0035938903863432167,0.08572782241575169,0.008487800384073391,32.79640402241746,0.0026954177897574125,0.1555271723834567,0.010261926906653016,Kommuninvest - Grupp,SE,Sweden,3.52660867188686,3.52660867188686,59929.1849992374
213800TC9PZRBHMJW403,59.40670008048664,0.0,0.08556045832824079,0.008476236873184185,4.396040803551353,0.0,0.021557524479050953,0.0026316011095057616,MDB Group Limited,MT,Malta,0.16992008781528,0.20219797729432,5118.91713805
549300U4LIZV0REEQQ46,59.193670521704114,0.0,0.08476847962049015,0.008469568084584276,4.342049000658197,0.008984725965858042,0.002380875699472619,0.004008787650010359,"Kutxabank, S.A.",ES,Spain,0.19680485767692,0.19680485767692,67572.058
549300RG3H390KEL8896,58.31708999142708,0.00035938903863432165,0.08313531811684644,0.008377502813158548,12.231438265824636,0.0,0.010097122902618442,0.0055527488901436365,Banca Transilvania,RO,Romania,0.18634709098989,0.20767849933573,41034.8838712218
5UMCZOEYKCVFAW8ZLO05,57.94088943042333,0.01096136567834681,0.08249407572669122,0.00833537769805775,2.904956233751665,0.0,0.0006522974904734017,0.002890112171286697,"National Bank of Greece, S.A.",GR,Greece,0.18929114061414,0.21670766245241,77801.977
529900GGYMNGRQTDOO93,57.272332567228325,0.0,0.08261018020566185,0.008216708177858384,30.040870390369896,0.0,0.14571210713960991,0.009468686937923756,BNG Bank N.V.,NL,Netherlands,0.40052931359766,0.42931846296791,132223.99305378
529900HEKOENJHPNN480,56.950333993159646,0.004312668463611859,0.08216799510025981,0.008177741890858299,30.06123301449743,0.0035938903863432167,0.1458004999452457,0.009473947818619136,Kuntarahoitus Oyj,FI,Finland,0.89373532860103,0.89373532860103,55175.17811006
254900RNFMDM0P11YR84,56.84846988309958,0.0,0.08203530620226897,0.008165273067563907,29.16058569176129,0.0,0.14167865821129888,0.009229327582162921,ATLANTIC LUX HOLDCO S.A R.L.,DE,Germany,0.21936789552398,0.30090372064323,47507.80604836
H0YX5LBGKDVOWCXBZ594,56.77079712874349,0.0,0.08191944388096686,0.008156220775753795,29.190787245188762,0.0,0.14182097192111853,0.009237398266722104,SBAB Bank AB - Grupp,SE,Sweden,0.14519948872537,0.19586577042521,60445.5843134616
DZZ47B9A52ZJ6LT6VV95,56.684563985324125,0.018867924528301886,0.0818038009904089,0.008145669057862823,29.181369665185652,0.0174303683737646,0.1417749810467598,0.009234879203926818,Deutsche Pfandbriefbank AG,DE,Germany,0.15285925069827,0.18030233507818,42356.24117
724500JIWG886A9RRT57,54.89706322948546,0.0,0.07818101373613616,0.007971531020551863,0.887253700835652,0.0,0.0003381937838924743,0.0018669651410441572,RBS Holdings N.V.,NL,Netherlands,0.25110460409592,0.30989545699607,40677.18254396
DG3RU1DBUFHT4ZF9WN62,52.93309239705685,0.0,0.07601540402616012,0.007715703801376643,0.8586205335707757,0.0,0.0003081277257575587,0.0018160162665619038,Coöperatieve Rabobank U.A.2,NL,Netherlands,0.19875764764235,0.23864989392634,635865.206173
529900V3O1M5IHMOSF46,46.24032963932702,0.0,0.06654041530647817,0.006914703920205068,0.0,0.0,4.530323823381273e-115,0.001447876447876448,State Street Europe Holdings Germany S.a.r.l. & Co. KG,DE,Germany,0.40646594495199,0.40646594495199,55400.52916777
529900SSGT49ZZSWYE62,45.15157913566465,0.018867924528301886,0.06467359648387097,0.006794993056689923,0.986088128947197,0.0,5.1052780474990494e-93,0.009652509652509649,Volkswagen Financial Services AG,DE,Germany,0.16724899334946,0.18234837112886,203659.32221377
724500A1FNICHSDF2I11,45.038431763141595,0.0,0.06464931259981341,0.006772702903685535,0.0,0.0,4.530323823381273e-115,0.001447876447876448,de Volksbank N.V.,NL,Netherlands,0.1999604302861,0.27315623592385,75684.869868
549300C9KPZR0VZ16R05,42.46778511932668,0.0,0.06131126700419311,0.00646117034030759,0.8526529330283552,0.0,0.0006242618701784079,0.0017571149544138658,Morgan Stanley Europe Holding SE,DE,Germany,0.17999287074829,0.23740854293294,110484.43948599
549300L7YCATGO57ZE10,39.85724264348499,0.0,0.057266357869470694,0.006155621192657652,0.0,0.0,4.530323823381273e-115,0.001447876447876448,FINECOBANK S.P.A.,IT,Italy,0.23461023373798,0.32073574638746,35359.175576
96950001WI712W7PQG45,37.7955389441412,0.0,0.05432591019348356,0.005911040610122086,0.986088128947197,0.0,5.1052780474990494e-93,0.009652509652509649,RCI Banque,FR,France,0.12729032595957,0.15396423099216,73168.971887
485100FX5Y9YLAQLNP12,28.72124709205022,0.013297394429469901,0.04033035175760896,0.004866945047336335,0.9196087667156309,0.0,4.1102749162382694e-94,0.00965250965250964,Revolut Holdings Europe UAB,LT,Lithuania,0.31323794519932,0.31323794519932,27385.3809992426
549300HFEHJOXGE4ZE63,23.901987674725667,0.0,0.03443526596572627,0.004246625054036447,0.0,0.0,4.530323823381273e-115,0.001447876447876448,SFIL S.A.,FR,France,0.43523887938754,0.43523887938754,73305.8049713
5493009EIBTCB1X12G89,19.153399280178867,0.0,0.0268301606242158,0.0037044905858319554,0.9196087667156309,0.0,4.1102749162382694e-94,0.00965250965250964,LGT Group Foundation,LI,Liechtenstein,0.18495381645686,0.18495381645686,61966.3609230137
