mapping,sample,network,centrality,coef_centrality,p_centrality,coef_cet1,p_cet1,coef_assets,p_assets,r2,n,auc
logistic,full,complete,weighted_degree,-0.07905771546142112,2.3249998042669045e-23,-0.0022379301732608596,0.05670501925892471,0.004219722828827841,0.09203505035539807,0.8915201172162424,107,0.9783368273934312
logistic,full,complete,betweenness,-0.020273903429262365,7.955489406922057e-05,0.0059532847763962915,0.27883091015437944,-0.012154231485412982,0.020216540933736416,0.105351409244686,107,0.7417889587700909
logistic,full,complete,eigenvector,-0.07910338704562858,3.1469036198488417e-24,-0.0019503379069450329,0.08031935451749385,0.003958164890726186,0.10611532795720692,0.8951300544420737,107,0.9741439552760308
logistic,full,complete,pagerank,-0.07907145693866038,3.457984715969318e-23,-0.002363964974008494,0.04814016627968256,0.004316090625380724,0.08661843682108795,0.8908219398293278,107,0.9783368273934312
logistic,full,thresholded,weighted_degree,-0.04411300984131589,2.304344426274278e-05,0.00894486396960938,0.046948711377278976,-0.0077808371223396944,0.09943355362693898,0.32465031530245503,107,0.7788259958071279
logistic,full,thresholded,betweenness,-0.020717590622611633,3.0018892448609994e-05,0.006035102500582498,0.27570710000926746,-0.012605484644596023,0.01585751510690144,0.10851512986171552,107,0.7540181691125089
logistic,full,thresholded,eigenvector,-0.022367010316392155,0.003857237598467144,0.010377782613029452,0.09663612597160119,-0.015522411102478872,0.007027117838590564,0.11917726742124835,107,0.6823899371069182
logistic,full,thresholded,pagerank,-0.030236845100327668,0.0003237906202360814,0.0068490115289515565,0.12623786286055771,-0.009625722872047677,0.09060886051951847,0.176291810067841,107,0.8029350104821803
logistic,no_agencies,complete,weighted_degree,-0.0710233522233302,2.5312222996450777e-16,-0.002330621155700808,0.4862323347418914,0.0029378104986748574,0.16892726493852472,0.8900325872970154,103,0.9788838612368024
logistic,no_agencies,complete,betweenness,-0.017939803633935294,5.655028500545426e-05,0.017667722705574478,0.030416278254268,-0.0062757650417476244,0.15534897933423775,0.15393833908368448,103,0.7115384615384616
logistic,no_agencies,complete,eigenvector,-0.07109361081955486,6.829763751351194e-17,-0.0022970717683159165,0.48043877359101417,0.002682812467905765,0.1977635235832168,0.8939293923960265,103,0.9766214177978885
logistic,no_agencies,complete,pagerank,-0.07102326104993816,3.3719822427727316e-16,-0.002352938460405376,0.48589452879425776,0.003032805254161422,0.15862614185382207,0.8891674324315626,103,0.9785067873303167
logistic,no_agencies,thresholded,weighted_degree,-0.03692713900117417,0.00011552935616969317,0.008965542902213559,0.20434114813275173,-0.005708736886174774,0.18805790114660736,0.32567621119002144,103,0.7703619909502263
logistic,no_agencies,thresholded,betweenness,-0.018813005898024232,1.1413580688804363e-05,0.017852090765932208,0.025979717176526,-0.0065512407396134025,0.14121887758700555,0.16022805356935765,103,0.7300150829562595
logistic,no_agencies,thresholded,eigenvector,-0.018508439622089673,0.004788084626260513,0.017744202992965016,0.024411035245086667,-0.009391953815485249,0.06560107634373469,0.15951126530768733,103,0.6655354449472097
logistic,no_agencies,thresholded,pagerank,-0.02005175551380403,0.000874005420690409,0.012322546959609996,0.18192763309529514,-0.007133217795444036,0.14444667190238328,0.16195447841548016,103,0.7975113122171946
